DATE,품목명,총반입량,전일,전년
2018-01-01,배추,462,462,682
2018-01-02,배추,462,462,682
2018-01-03,배추,462,462,682
2018-01-04,배추,572,462,485
2018-01-05,배추,439,572,472
2018-01-06,배추,332,439,604
2018-01-07,배추,422,332,577
2018-01-08,배추,511,422,551
2018-01-09,배추,299,511,524
2018-01-10,배추,376,300,483
2018-01-11,배추,250,375,417
2018-01-12,배추,197,250,340
2018-01-13,배추,51,197,418
2018-01-14,배추,252,51,384
2018-01-15,배추,454,252,350
2018-01-16,배추,368,454,316
2018-01-17,배추,408,368,368
2018-01-18,배추,478,407,400
2018-01-19,배추,449,478,621
2018-01-20,배추,295,449,559
2018-01-21,배추,362,295,612
2018-01-22,배추,430,362,664
2018-01-23,배추,430,430,717
2018-01-24,배추,308,431,540
2018-01-25,배추,134,309,479
2018-01-26,배추,61,135,354
2018-01-27,배추,114,61,94
2018-01-28,배추,210,114,154
2018-01-29,배추,306,210,214
2018-01-30,배추,349,306,274
2018-01-31,배추,431,348,334
2018-02-01,배추,288,431,394
2018-02-02,배추,368,288,432
2018-02-03,배추,298,368,300
2018-02-04,배추,405,298,358
2018-02-05,배추,512,405,415
2018-02-06,배추,424,511,473
2018-02-07,배추,483,425,464
2018-02-08,배추,468,483,321
2018-02-09,배추,429,469,408
2018-02-10,배추,555,429,321
2018-02-11,배추,712,555,356
2018-02-12,배추,870,712,392
2018-02-13,배추,610,870,427
2018-02-14,배추,371,611,418
2018-02-15,배추,81,372,397
2018-02-16,배추,177,81,442
2018-02-17,배추,272,177,486
2018-02-18,배추,368,272,531
2018-02-19,배추,464,368,575
2018-02-20,배추,314,464,620
2018-02-21,배추,357,315,377
2018-02-22,배추,344,357,336
2018-02-23,배추,364,345,316
2018-02-24,배추,276,364,486
2018-02-25,배추,448,276,509
2018-02-26,배추,619,448,533
2018-02-27,배추,357,619,556
2018-02-28,배추,468,357,461
2018-03-01,배추,207,467,366
2018-03-02,배추,352,207,471
2018-03-03,배추,316,353,416
2018-03-04,배추,416,316,460
2018-03-05,배추,515,416,504
2018-03-06,배추,323,515,548
2018-03-07,배추,490,323,366
2018-03-08,배추,546,491,408
2018-03-09,배추,348,545,491
2018-03-10,배추,300,348,438
2018-03-11,배추,416,300,470
2018-03-12,배추,532,416,502
2018-03-13,배추,589,532,534
2018-03-14,배추,480,590,488
2018-03-15,배추,304,480,495
2018-03-16,배추,246,304,420
2018-03-17,배추,218,246,345
2018-03-18,배추,400,218,391
2018-03-19,배추,581,400,436
2018-03-20,배추,465,580,482
2018-03-21,배추,361,464,533
2018-03-22,배추,308,361,505
2018-03-23,배추,368,307,428
2018-03-24,배추,280,368,401
2018-03-25,배추,376,280,457
2018-03-26,배추,472,376,514
2018-03-27,배추,444,472,570
2018-03-28,배추,446,444,563
2018-03-29,배추,384,445,465
2018-03-30,배추,324,385,326
2018-03-31,배추,246,323,430
2018-04-01,배추,396,246,507
2018-04-02,배추,547,396,583
2018-04-03,배추,526,548,660
2018-04-04,배추,452,526,609
2018-04-05,배추,362,452,576
2018-04-06,배추,391,363,417
2018-04-07,배추,215,391,370
2018-04-08,배추,364,215,481
2018-04-09,배추,514,364,593
2018-04-10,배추,492,514,704
2018-04-11,배추,476,492,527
2018-04-12,배추,385,476,582
2018-04-13,배추,325,385,448
2018-04-14,배추,207,324,355
2018-04-15,배추,363,207,395
2018-04-16,배추,519,363,436
2018-04-17,배추,494,519,476
2018-04-18,배추,482,494,478
2018-04-19,배추,365,481,433
2018-04-20,배추,398,364,545
2018-04-21,배추,219,397,457
2018-04-22,배추,333,219,458
2018-04-23,배추,447,333,459
2018-04-24,배추,405,447,460
2018-04-25,배추,425,404,485
2018-04-26,배추,376,424,526
2018-04-27,배추,428,376,594
2018-04-28,배추,236,427,541
2018-04-29,배추,406,236,569
2018-04-30,배추,575,406,596
2018-05-01,배추,452,574,624
2018-05-02,배추,488,452,479
2018-05-03,배추,432,488,484
2018-05-04,배추,330,432,448
2018-05-05,배추,256,329,489
2018-05-06,배추,374,256,512
2018-05-07,배추,491,374,534
2018-05-08,배추,489,490,557
2018-05-09,배추,513,489,534
2018-05-10,배추,413,512,441
2018-05-11,배추,410,414,518
2018-05-12,배추,202,410,669
2018-05-13,배추,336,202,674
2018-05-14,배추,471,336,678
2018-05-15,배추,633,470,683
2018-05-16,배추,546,633,642
2018-05-17,배추,542,546,705
2018-05-18,배추,436,542,468
2018-05-19,배추,189,436,405
2018-05-20,배추,372,189,431
2018-05-21,배추,554,372,458
2018-05-22,배추,529,554,484
2018-05-23,배추,481,529,498
2018-05-24,배추,360,481,610
2018-05-25,배추,407,359,466
2018-05-26,배추,379,406,458
2018-05-27,배추,460,379,529
2018-05-28,배추,541,460,599
2018-05-29,배추,456,542,670
2018-05-30,배추,460,456,530
2018-05-31,배추,415,459,511
2018-06-01,배추,464,415,584
2018-06-02,배추,379,464,451
2018-06-03,배추,548,379,444
2018-06-04,배추,716,548,436
2018-06-05,배추,444,716,429
2018-06-06,배추,545,446,478
2018-06-07,배추,495,544,568
2018-06-08,배추,548,494,358
2018-06-09,배추,366,547,722
2018-06-10,배추,452,366,690
2018-06-11,배추,539,452,657
2018-06-12,배추,654,539,625
2018-06-13,배추,464,654,555
2018-06-14,배추,443,463,577
2018-06-15,배추,503,443,584
2018-06-16,배추,374,502,516
2018-06-17,배추,550,374,547
2018-06-18,배추,726,550,578
2018-06-19,배추,538,727,609
2018-06-20,배추,791,537,505
2018-06-21,배추,516,790,563
2018-06-22,배추,449,517,616
2018-06-23,배추,341,448,577
2018-06-24,배추,424,341,555
2018-06-25,배추,507,424,532
2018-06-26,배추,704,508,510
2018-06-27,배추,583,705,600
2018-06-28,배추,596,582,663
2018-06-29,배추,710,596,585
2018-06-30,배추,500,709,623
2018-07-01,배추,402,500,589
2018-07-02,배추,305,402,556
2018-07-03,배추,460,305,522
2018-07-04,배추,502,460,514
2018-07-05,배추,579,503,591
2018-07-06,배추,365,579,620
2018-07-07,배추,390,364,500
2018-07-08,배추,554,390,529
2018-07-09,배추,717,554,558
2018-07-10,배추,462,716,587
2018-07-11,배추,199,462,277
2018-07-12,배추,347,199,297
2018-07-13,배추,493,348,608
2018-07-14,배추,322,493,523
2018-07-15,배추,470,322,509
2018-07-16,배추,618,470,496
2018-07-17,배추,582,618,482
2018-07-18,배추,460,582,539
2018-07-19,배추,450,461,581
2018-07-20,배추,463,449,444
2018-07-21,배추,330,463,377
2018-07-22,배추,473,330,426
2018-07-23,배추,616,473,474
2018-07-24,배추,456,616,523
2018-07-25,배추,291,456,477
2018-07-26,배추,403,292,321
2018-07-27,배추,333,402,563
2018-07-28,배추,274,333,586
2018-07-29,배추,372,274,569
2018-07-30,배추,469,372,553
2018-07-31,배추,396,470,536
2018-08-01,배추,433,396,438
2018-08-02,배추,545,433,331
2018-08-03,배추,425,545,564
2018-08-04,배추,483,425,572
2018-08-05,배추,542,483,581
2018-08-06,배추,600,542,590
2018-08-07,배추,424,600,598
2018-08-08,배추,379,424,469
2018-08-09,배추,409,379,430
2018-08-10,배추,429,410,287
2018-08-11,배추,251,429,327
2018-08-12,배추,400,251,368
2018-08-13,배추,549,400,410
2018-08-14,배추,386,549,451
2018-08-15,배추,310,385,480
2018-08-16,배추,329,311,347
2018-08-17,배추,306,328,433
2018-08-18,배추,330,306,454
2018-08-19,배추,424,330,483
2018-08-20,배추,519,424,512
2018-08-21,배추,372,519,541
2018-08-22,배추,413,371,611
2018-08-23,배추,328,413,633
2018-08-24,배추,175,327,602
2018-08-25,배추,265,175,323
2018-08-26,배추,418,265,427
2018-08-27,배추,572,418,532
2018-08-28,배추,418,573,636
2018-08-29,배추,590,419,643
2018-08-30,배추,422,589,394
2018-08-31,배추,438,421,503
2018-09-01,배추,384,437,526
2018-09-02,배추,628,384,617
2018-09-03,배추,872,628,707
2018-09-04,배추,518,872,798
2018-09-05,배추,584,518,856
2018-09-06,배추,795,584,805
2018-09-07,배추,848,795,645
2018-09-08,배추,658,848,826
2018-09-09,배추,716,658,822
2018-09-10,배추,775,716,817
2018-09-11,배추,804,776,813
2018-09-12,배추,854,804,468
2018-09-13,배추,885,854,863
2018-09-14,배추,1123,886,896
2018-09-15,배추,844,1122,827
2018-09-16,배추,1107,844,800
2018-09-17,배추,1370,1107,774
2018-09-18,배추,1283,1372,747
2018-09-19,배추,1169,1283,954
2018-09-20,배추,1112,1168,1006
2018-09-21,배추,650,1113,1008
2018-09-22,배추,278,650,909
2018-09-23,배추,436,278,913
2018-09-24,배추,594,436,917
2018-09-25,배추,751,594,920
2018-09-26,배추,909,751,924
2018-09-27,배추,1067,909,928
2018-09-28,배추,922,1066,664
2018-09-29,배추,513,921,885
2018-09-30,배추,595,513,864
2018-10-01,배추,677,595,844
2018-10-02,배추,715,676,823
2018-10-03,배추,699,714,180
2018-10-04,배추,710,700,361
2018-10-05,배추,505,710,541
2018-10-06,배추,180,505,722
2018-10-07,배추,544,180,903
2018-10-08,배추,908,544,1083
2018-10-09,배추,974,908,1264
2018-10-10,배추,779,975,888
2018-10-11,배추,665,778,668
2018-10-12,배추,645,665,531
2018-10-13,배추,467,644,808
2018-10-14,배추,586,467,836
2018-10-15,배추,705,586,863
2018-10-16,배추,585,704,891
2018-10-17,배추,473,585,720
2018-10-18,배추,658,472,714
2018-10-19,배추,546,657,652
2018-10-20,배추,497,545,558
2018-10-21,배추,618,497,623
2018-10-22,배추,738,618,688
2018-10-23,배추,672,738,753
2018-10-24,배추,680,672,779
2018-10-25,배추,467,680,594
2018-10-26,배추,557,467,647
2018-10-27,배추,266,557,649
2018-10-28,배추,435,266,675
2018-10-29,배추,604,435,702
2018-10-30,배추,662,604,728
2018-10-31,배추,802,661,545
2018-11-01,배추,678,802,644
2018-11-02,배추,717,678,638
2018-11-03,배추,615,717,677
2018-11-04,배추,752,615,795
2018-11-05,배추,890,752,914
2018-11-06,배추,760,889,1032
2018-11-07,배추,876,761,950
2018-11-08,배추,558,875,839
2018-11-09,배추,628,559,1024
2018-11-10,배추,1076,627,886
2018-11-11,배추,1323,1076,1103
2018-11-12,배추,1570,1323,1320
2018-11-13,배추,1164,1570,1537
2018-11-14,배추,1286,1165,1198
2018-11-15,배추,1131,1285,1412
2018-11-16,배추,1897,1130,1460
2018-11-17,배추,1598,1898,1581
2018-11-18,배추,1648,1598,1609
2018-11-19,배추,1697,1648,1638
2018-11-20,배추,1168,1697,1666
2018-11-21,배추,1439,1167,1062
2018-11-22,배추,1495,1440,1312
2018-11-23,배추,1734,1494,1500
2018-11-24,배추,1390,1734,1437
2018-11-25,배추,1240,1390,1501
2018-11-26,배추,1090,1240,1565
2018-11-27,배추,1108,1089,1629
2018-11-28,배추,1111,1107,1022
2018-11-29,배추,991,1111,1191
2018-11-30,배추,955,990,1044
2018-12-01,배추,1115,955,1039
2018-12-02,배추,1078,1115,926
2018-12-03,배추,1040,1078,813
2018-12-04,배추,668,1039,700
2018-12-05,배추,595,669,583
2018-12-06,배추,674,596,374
2018-12-07,배추,552,674,428
2018-12-08,배추,330,551,776
2018-12-09,배추,292,330,794
2018-12-10,배추,253,292,811
2018-12-11,배추,258,254,829
2018-12-12,배추,433,257,430
2018-12-13,배추,669,431,195
2018-12-14,배추,501,667,305
2018-12-15,배추,244,501,265
2018-12-16,배추,296,244,375
2018-12-17,배추,348,296,486
2018-12-18,배추,488,348,596
2018-12-19,배추,506,487,384
2018-12-20,배추,360,506,526
2018-12-21,배추,427,359,367
2018-12-22,배추,170,426,319
2018-12-23,배추,296,170,343
2018-12-24,배추,421,296,368
2018-12-25,배추,332,421,392
2018-12-26,배추,361,331,358
2018-12-27,배추,367,359,408
2018-12-28,배추,230,367,446
2018-12-29,배추,65,230,316
2018-12-30,배추,92,65,365
2018-12-31,배추,118,92,413
2019-01-01,배추,338,118,462
2019-01-02,배추,559,338,462
2019-01-03,배추,779,559,462
2019-01-04,배추,449,780,572
2019-01-05,배추,229,449,439
2019-01-06,배추,306,229,332
2019-01-07,배추,384,306,422
2019-01-08,배추,324,382,511
2019-01-09,배추,336,324,300
2019-01-10,배추,381,336,375
2019-01-11,배추,363,381,250
2019-01-12,배추,182,362,197
2019-01-13,배추,262,182,51
2019-01-14,배추,342,262,252
2019-01-15,배추,250,342,454
2019-01-16,배추,362,250,368
2019-01-17,배추,407,362,407
2019-01-18,배추,395,406,478
2019-01-19,배추,165,396,449
2019-01-20,배추,276,165,295
2019-01-21,배추,388,276,362
2019-01-22,배추,291,388,430
2019-01-23,배추,349,291,431
2019-01-24,배추,333,348,309
2019-01-25,배추,307,332,135
2019-01-26,배추,199,307,61
2019-01-27,배추,348,199,114
2019-01-28,배추,498,348,210
2019-01-29,배추,477,497,306
2019-01-30,배추,556,478,348
2019-01-31,배추,394,556,431
2019-02-01,배추,337,394,288
2019-02-02,배추,194,338,368
2019-02-03,배추,118,194,298
2019-02-04,배추,41,118,405
2019-02-05,배추,142,41,512
2019-02-06,배추,243,142,424
2019-02-07,배추,344,243,483
2019-02-08,배추,445,344,469
2019-02-09,배추,185,444,429
2019-02-10,배추,312,185,555
2019-02-11,배추,440,312,712
2019-02-12,배추,347,442,870
2019-02-13,배추,306,347,611
2019-02-14,배추,339,306,372
2019-02-15,배추,391,339,81
2019-02-16,배추,287,391,177
2019-02-17,배추,310,287,272
2019-02-18,배추,332,310,368
2019-02-19,배추,305,332,464
2019-02-20,배추,235,304,315
2019-02-21,배추,287,235,357
2019-02-22,배추,342,287,345
2019-02-23,배추,253,342,364
2019-02-24,배추,318,253,276
2019-02-25,배추,382,318,448
2019-02-26,배추,399,382,619
2019-02-27,배추,297,399,357
2019-02-28,배추,359,297,467
2019-03-01,배추,337,359,207
2019-03-02,배추,289,337,353
2019-03-03,배추,458,289,316
2019-03-04,배추,628,458,416
2019-03-05,배추,304,627,515
2019-03-06,배추,315,304,323
2019-03-07,배추,330,316,491
2019-03-08,배추,387,330,545
2019-03-09,배추,317,387,348
2019-03-10,배추,355,317,300
2019-03-11,배추,393,355,416
2019-03-12,배추,280,393,532
2019-03-13,배추,365,279,590
2019-03-14,배추,435,365,480
2019-03-15,배추,310,435,304
2019-03-16,배추,156,311,246
2019-03-17,배추,320,156,218
2019-03-18,배추,483,320,400
2019-03-19,배추,417,483,580
2019-03-20,배추,311,418,464
2019-03-21,배추,278,310,361
2019-03-22,배추,251,277,307
2019-03-23,배추,185,251,368
2019-03-24,배추,261,185,280
2019-03-25,배추,337,261,376
2019-03-26,배추,391,338,472
2019-03-27,배추,287,391,444
2019-03-28,배추,339,287,445
2019-03-29,배추,332,339,385
2019-03-30,배추,170,331,323
2019-03-31,배추,283,170,246
2019-04-01,배추,396,283,396
2019-04-02,배추,354,395,548
2019-04-03,배추,407,354,526
2019-04-04,배추,328,407,452
2019-04-05,배추,312,328,363
2019-04-06,배추,116,311,391
2019-04-07,배추,296,116,215
2019-04-08,배추,475,296,364
2019-04-09,배추,377,475,514
2019-04-10,배추,328,377,492
2019-04-11,배추,295,329,476
2019-04-12,배추,378,296,385
2019-04-13,배추,144,378,324
2019-04-14,배추,232,144,207
2019-04-15,배추,319,232,363
2019-04-16,배추,412,319,519
2019-04-17,배추,447,411,494
2019-04-18,배추,478,446,481
2019-04-19,배추,455,478,364
2019-04-20,배추,182,455,397
2019-04-21,배추,332,182,219
2019-04-22,배추,483,332,333
2019-04-23,배추,295,484,447
2019-04-24,배추,356,295,404
2019-04-25,배추,331,356,424
2019-04-26,배추,329,331,376
2019-04-27,배추,149,330,427
2019-04-28,배추,236,149,236
2019-04-29,배추,322,236,406
2019-04-30,배추,361,323,574
2019-05-01,배추,432,361,452
2019-05-02,배추,299,431,488
2019-05-03,배추,311,299,432
2019-05-04,배추,215,310,329
2019-05-05,배추,267,215,256
2019-05-06,배추,319,267,374
2019-05-07,배추,310,320,490
2019-05-08,배추,484,310,489
2019-05-09,배추,357,484,512
2019-05-10,배추,303,357,414
2019-05-11,배추,190,303,410
2019-05-12,배추,304,190,202
2019-05-13,배추,419,304,336
2019-05-14,배추,355,420,470
2019-05-15,배추,257,355,633
2019-05-16,배추,302,257,546
2019-05-17,배추,316,302,542
2019-05-18,배추,187,315,436
2019-05-19,배추,252,187,189
2019-05-20,배추,318,252,372
2019-05-21,배추,397,319,554
2019-05-22,배추,395,397,529
2019-05-23,배추,332,394,481
2019-05-24,배추,328,332,359
2019-05-25,배추,243,327,406
2019-05-26,배추,293,243,379
2019-05-27,배추,343,293,460
2019-05-28,배추,379,342,542
2019-05-29,배추,405,379,456
2019-05-30,배추,402,406,459
2019-05-31,배추,402,402,415
2019-06-01,배추,235,401,464
2019-06-02,배추,330,235,379
2019-06-03,배추,425,330,548
2019-06-04,배추,479,425,716
2019-06-05,배추,401,479,446
2019-06-06,배추,423,400,544
2019-06-07,배추,310,423,494
2019-06-08,배추,152,310,547
2019-06-09,배추,336,152,366
2019-06-10,배추,520,336,452
2019-06-11,배추,361,521,539
2019-06-12,배추,438,361,654
2019-06-13,배추,397,437,463
2019-06-14,배추,318,396,443
2019-06-15,배추,274,317,502
2019-06-16,배추,332,274,374
2019-06-17,배추,391,332,550
2019-06-18,배추,344,391,727
2019-06-19,배추,509,344,537
2019-06-20,배추,409,508,790
2019-06-21,배추,332,409,517
2019-06-22,배추,351,331,448
2019-06-23,배추,440,351,341
2019-06-24,배추,529,440,424
2019-06-25,배추,388,530,508
2019-06-26,배추,315,387,705
2019-06-27,배추,350,315,582
2019-06-28,배추,221,350,596
2019-06-29,배추,430,220,709
2019-06-30,배추,524,430,500
2019-07-01,배추,619,524,402
2019-07-02,배추,563,619,305
2019-07-03,배추,506,563,460
2019-07-04,배추,372,506,503
2019-07-05,배추,312,371,579
2019-07-06,배추,301,314,364
2019-07-07,배추,396,301,390
2019-07-08,배추,490,396,554
2019-07-09,배추,423,491,716
2019-07-10,배추,347,424,462
2019-07-11,배추,324,347,199
2019-07-12,배추,339,323,348
2019-07-13,배추,307,338,493
2019-07-14,배추,472,307,322
2019-07-15,배추,637,472,470
2019-07-16,배추,496,636,618
2019-07-17,배추,257,496,582
2019-07-18,배추,681,256,461
2019-07-19,배추,374,681,449
2019-07-20,배추,339,373,463
2019-07-21,배추,299,339,330
2019-07-22,배추,259,299,473
2019-07-23,배추,626,259,616
2019-07-24,배추,505,626,456
2019-07-25,배추,355,505,292
2019-07-26,배추,387,354,402
2019-07-27,배추,146,386,333
2019-07-28,배추,328,146,274
2019-07-29,배추,509,328,372
2019-07-30,배추,370,509,470
2019-07-31,배추,383,370,396
2019-08-01,배추,421,384,433
2019-08-02,배추,463,421,545
2019-08-03,배추,454,463,425
2019-08-04,배추,446,454,483
2019-08-05,배추,437,446,542
2019-08-06,배추,491,437,600
2019-08-07,배추,478,492,424
2019-08-08,배추,616,478,379
2019-08-09,배추,392,616,410
2019-08-10,배추,431,392,429
2019-08-11,배추,444,431,251
2019-08-12,배추,458,444,400
2019-08-13,배추,577,458,549
2019-08-14,배추,366,578,385
2019-08-15,배추,413,366,311
2019-08-16,배추,491,414,328
2019-08-17,배추,478,492,306
2019-08-18,배추,600,478,330
2019-08-19,배추,722,600,424
2019-08-20,배추,661,722,519
2019-08-21,배추,507,662,371
2019-08-22,배추,456,507,413
2019-08-23,배추,466,456,327
2019-08-24,배추,482,466,175
2019-08-25,배추,520,482,265
2019-08-26,배추,557,520,418
2019-08-27,배추,581,556,573
2019-08-28,배추,459,581,419
2019-08-29,배추,647,459,589
2019-08-30,배추,700,646,421
2019-08-31,배추,673,700,437
2019-09-01,배추,742,673,384
2019-09-02,배추,812,742,628
2019-09-03,배추,629,812,872
2019-09-04,배추,588,630,518
2019-09-05,배추,909,588,584
2019-09-06,배추,838,909,795
2019-09-07,배추,671,837,848
2019-09-08,배추,764,671,658
2019-09-09,배추,858,764,716
2019-09-10,배추,707,859,776
2019-09-11,배추,619,708,804
2019-09-12,배추,108,619,854
2019-09-13,배추,201,108,885
2019-09-14,배추,294,201,1123
2019-09-15,배추,387,294,844
2019-09-16,배추,480,387,1107
2019-09-17,배추,420,479,1372
2019-09-18,배추,340,420,1283
2019-09-19,배추,382,340,1168
2019-09-20,배추,485,383,1113
2019-09-21,배추,273,485,650
2019-09-22,배추,294,273,278
2019-09-23,배추,315,294,436
2019-09-24,배추,432,315,594
2019-09-25,배추,368,432,751
2019-09-26,배추,362,368,909
2019-09-27,배추,428,362,1066
2019-09-28,배추,257,428,921
2019-09-29,배추,354,257,513
2019-09-30,배추,450,354,595
2019-10-01,배추,488,451,676
2019-10-02,배추,520,487,714
2019-10-03,배추,423,520,700
2019-10-04,배추,436,423,710
2019-10-05,배추,528,436,505
2019-10-06,배추,626,528,180
2019-10-07,배추,725,626,544
2019-10-08,배추,543,726,908
2019-10-09,배추,436,543,975
2019-10-10,배추,450,436,778
2019-10-11,배추,536,450,665
2019-10-12,배추,518,536,644
2019-10-13,배추,566,518,467
2019-10-14,배추,613,566,586
2019-10-15,배추,482,613,704
2019-10-16,배추,714,482,585
2019-10-17,배추,710,712,472
2019-10-18,배추,590,709,657
2019-10-19,배추,398,590,545
2019-10-20,배추,598,398,497
2019-10-21,배추,797,598,618
2019-10-22,배추,472,797,738
2019-10-23,배추,499,473,672
2019-10-24,배추,638,499,680
2019-10-25,배추,553,638,467
2019-10-26,배추,550,552,557
2019-10-27,배추,566,550,266
2019-10-28,배추,583,566,435
2019-10-29,배추,654,583,604
2019-10-30,배추,565,654,661
2019-10-31,배추,487,565,802
2019-11-01,배추,635,486,678
2019-11-02,배추,512,636,717
2019-11-03,배추,646,512,615
2019-11-04,배추,779,646,752
2019-11-05,배추,748,777,889
2019-11-06,배추,754,748,761
2019-11-07,배추,705,754,875
2019-11-08,배추,694,705,559
2019-11-09,배추,539,694,627
2019-11-10,배추,729,539,1076
2019-11-11,배추,919,729,1323
2019-11-12,배추,1008,920,1570
2019-11-13,배추,930,1008,1165
2019-11-14,배추,815,930,1285
2019-11-15,배추,1159,815,1130
2019-11-16,배추,954,1160,1898
2019-11-17,배추,1034,954,1598
2019-11-18,배추,1113,1034,1648
2019-11-19,배추,896,1113,1697
2019-11-20,배추,875,895,1167
2019-11-21,배추,1092,874,1440
2019-11-22,배추,1083,1093,1494
2019-11-23,배추,1348,1083,1734
2019-11-24,배추,1390,1348,1390
2019-11-25,배추,1431,1390,1240
2019-11-26,배추,926,1432,1089
2019-11-27,배추,1029,926,1107
2019-11-28,배추,864,1029,1111
2019-11-29,배추,938,865,990
2019-11-30,배추,1042,938,955
2019-12-01,배추,894,1042,1115
2019-12-02,배추,747,894,1078
2019-12-03,배추,448,747,1039
2019-12-04,배추,592,448,669
2019-12-05,배추,613,591,596
2019-12-06,배추,614,612,674
2019-12-07,배추,478,613,551
2019-12-08,배추,542,478,330
2019-12-09,배추,605,542,292
2019-12-10,배추,403,606,254
2019-12-11,배추,524,402,257
2019-12-12,배추,467,524,431
2019-12-13,배추,447,467,667
2019-12-14,배추,269,448,501
2019-12-15,배추,372,269,244
2019-12-16,배추,474,372,296
2019-12-17,배추,394,473,348
2019-12-18,배추,296,394,487
2019-12-19,배추,390,295,506
2019-12-20,배추,420,390,359
2019-12-21,배추,294,420,426
2019-12-22,배추,335,294,170
2019-12-23,배추,376,335,296
2019-12-24,배추,386,378,421
2019-12-25,배추,417,386,331
2019-12-26,배추,186,417,359
2019-12-27,배추,263,185,367
2019-12-28,배추,254,263,230
2019-12-29,배추,347,254,65
2019-12-30,배추,440,347,92
2019-12-31,배추,142,439,118
2020-01-01,배추,331,142,338
2020-01-02,배추,519,331,559
2020-01-03,배추,708,519,780
2020-01-04,배추,465,708,449
2020-01-05,배추,458,465,229
2020-01-06,배추,452,458,306
2020-01-07,배추,340,452,382
2020-01-08,배추,390,340,324
2020-01-09,배추,316,390,336
2020-01-10,배추,431,316,381
2020-01-11,배추,297,432,362
2020-01-12,배추,424,297,182
2020-01-13,배추,552,424,262
2020-01-14,배추,370,554,342
2020-01-15,배추,338,370,250
2020-01-16,배추,329,338,362
2020-01-17,배추,414,328,406
2020-01-18,배추,381,415,396
2020-01-19,배추,404,381,165
2020-01-20,배추,428,404,276
2020-01-21,배추,398,428,388
2020-01-22,배추,327,398,291
2020-01-23,배추,293,326,348
2020-01-24,배추,135,293,332
2020-01-25,배추,204,135,307
2020-01-26,배추,274,204,199
2020-01-27,배추,343,274,348
2020-01-28,배추,412,343,497
2020-01-29,배추,229,412,478
2020-01-30,배추,315,230,556
2020-01-31,배추,238,316,394
2020-02-01,배추,188,238,338
2020-02-02,배추,292,188,194
2020-02-03,배추,397,292,118
2020-02-04,배추,213,398,41
2020-02-05,배추,228,213,142
2020-02-06,배추,289,227,243
2020-02-07,배추,144,289,344
2020-02-08,배추,185,143,444
2020-02-09,배추,296,185,185
2020-02-10,배추,407,296,312
2020-02-11,배추,268,408,442
2020-02-12,배추,238,267,347
2020-02-13,배추,167,238,306
2020-02-14,배추,456,166,339
2020-02-15,배추,322,457,391
2020-02-16,배추,317,322,287
2020-02-17,배추,312,317,310
2020-02-18,배추,194,312,332
2020-02-19,배추,287,194,304
2020-02-20,배추,253,287,235
2020-02-21,배추,182,253,287
2020-02-22,배추,195,182,342
2020-02-23,배추,278,195,253
2020-02-24,배추,361,278,318
2020-02-25,배추,224,361,382
2020-02-26,배추,165,224,399
2020-02-27,배추,209,165,297
2020-02-28,배추,285,210,359
2020-02-29,배추,161,285,337
2020-03-01,배추,232,161,289
2020-03-02,배추,303,232,289
2020-03-03,배추,285,304,628
2020-03-04,배추,336,285,627
2020-03-05,배추,229,336,304
2020-03-06,배추,318,229,316
2020-03-07,배추,154,317,330
2020-03-08,배추,241,154,317
2020-03-09,배추,328,241,316
2020-03-10,배추,232,328,393
2020-03-11,배추,238,233,393
2020-03-12,배추,284,237,279
2020-03-13,배추,305,285,365
2020-03-14,배추,117,305,435
2020-03-15,배추,231,117,156
2020-03-16,배추,345,231,156
2020-03-17,배추,277,344,483
2020-03-18,배추,352,277,483
2020-03-19,배추,321,352,418
2020-03-20,배추,239,322,310
2020-03-21,배추,165,238,277
2020-03-22,배추,244,165,185
2020-03-23,배추,323,244,185
2020-03-24,배추,298,323,337
2020-03-25,배추,353,297,338
2020-03-26,배추,307,352,391
2020-03-27,배추,296,307,287
2020-03-28,배추,158,296,339
2020-03-29,배추,240,158,170
2020-03-30,배추,321,240,170
2020-03-31,배추,320,320,396
2020-04-01,배추,327,320,395
2020-04-02,배추,308,328,354
2020-04-03,배추,289,308,407
2020-04-04,배추,212,290,328
2020-04-05,배추,282,212,116
2020-04-06,배추,353,282,115
2020-04-07,배추,330,352,475
2020-04-08,배추,265,331,475
2020-04-09,배추,330,264,377
2020-04-10,배추,328,330,329
2020-04-11,배추,177,328,296
2020-04-12,배추,252,177,144
2020-04-13,배추,328,252,143
2020-04-14,배추,320,327,319
2020-04-15,배추,294,320,319
2020-04-16,배추,226,293,411
2020-04-17,배추,321,226,446
2020-04-18,배추,197,321,478
2020-04-19,배추,253,197,182
2020-04-20,배추,309,253,182
2020-04-21,배추,259,309,483
2020-04-22,배추,276,259,484
2020-04-23,배추,307,277,295
2020-04-24,배추,296,307,356
2020-04-25,배추,214,295,331
2020-04-26,배추,290,214,149
2020-04-27,배추,365,290,150
2020-04-28,배추,303,365,322
2020-04-29,배추,368,303,323
2020-04-30,배추,329,368,361
2020-05-01,배추,269,329,431
2020-05-02,배추,199,269,299
2020-05-03,배추,273,199,215
2020-05-04,배추,347,273,216
2020-05-05,배추,289,348,319
2020-05-06,배추,305,289,320
2020-05-07,배추,325,306,310
2020-05-08,배추,318,325,484
2020-05-09,배추,275,317,357
2020-05-10,배추,341,275,190
2020-05-11,배추,407,341,190
2020-05-12,배추,322,407,419
2020-05-13,배추,341,322,420
2020-05-14,배추,391,341,355
2020-05-15,배추,461,391,257
2020-05-16,배추,289,460,302
2020-05-17,배추,348,289,187
2020-05-18,배추,407,348,188
2020-05-19,배추,446,406,318
2020-05-20,배추,348,447,319
2020-05-21,배추,311,348,397
2020-05-22,배추,411,311,394
2020-05-23,배추,265,411,332
2020-05-24,배추,330,265,243
2020-05-25,배추,395,330,243
2020-05-26,배추,455,396,343
2020-05-27,배추,299,456,342
2020-05-28,배추,368,299,379
2020-05-29,배추,443,368,406
2020-05-30,배추,397,444,402
2020-05-31,배추,394,397,235
2020-06-01,배추,391,394,234
2020-06-02,배추,494,391,425
2020-06-03,배추,595,494,425
2020-06-04,배추,464,595,479
2020-06-05,배추,433,464,400
2020-06-06,배추,335,434,423
2020-06-07,배추,354,335,152
2020-06-08,배추,374,354,152
2020-06-09,배추,325,373,520
2020-06-10,배추,376,325,521
2020-06-11,배추,457,376,361
2020-06-12,배추,286,458,437
2020-06-13,배추,468,286,396
2020-06-14,배추,356,468,274
2020-06-15,배추,244,356,274
2020-06-16,배추,405,244,391
2020-06-17,배추,468,404,391
2020-06-18,배추,480,468,344
2020-06-19,배추,489,479,508
2020-06-20,배추,410,490,409
2020-06-21,배추,378,410,351
2020-06-22,배추,347,378,351
2020-06-23,배추,489,346,529
2020-06-24,배추,399,490,530
2020-06-25,배추,484,399,387
2020-06-26,배추,287,484,315
2020-06-27,배추,260,286,350
2020-06-28,배추,440,260,430
2020-06-29,배추,619,440,430
2020-06-30,배추,522,619,619
2020-07-01,배추,239,523,619
2020-07-02,배추,517,240,563
2020-07-03,배추,401,517,506
2020-07-04,배추,297,401,371
2020-07-05,배추,436,297,301
2020-07-06,배추,575,436,301
2020-07-07,배추,497,574,490
2020-07-08,배추,400,496,491
2020-07-09,배추,396,399,424
2020-07-10,배추,356,395,347
2020-07-11,배추,145,357,323
2020-07-12,배추,363,145,307
2020-07-13,배추,581,363,307
2020-07-14,배추,288,581,637
2020-07-15,배추,352,287,636
2020-07-16,배추,503,352,496
2020-07-17,배추,366,504,256
2020-07-18,배추,336,367,681
2020-07-19,배추,334,336,339
2020-07-20,배추,332,334,339
2020-07-21,배추,336,332,259
2020-07-22,배추,483,337,259
2020-07-23,배추,360,483,626
2020-07-24,배추,374,360,505
2020-07-25,배추,222,374,354
2020-07-26,배추,423,222,146
2020-07-27,배추,624,423,145
2020-07-28,배추,498,624,509
2020-07-29,배추,386,497,509
2020-07-30,배추,320,386,370
2020-07-31,배추,341,320,384
2020-08-01,배추,398,341,463
2020-08-02,배추,455,398,454
2020-08-03,배추,512,455,446
2020-08-04,배추,330,512,437
2020-08-05,배추,444,330,437
2020-08-06,배추,426,444,492
2020-08-07,배추,293,427,478
2020-08-08,배추,462,293,616
2020-08-09,배추,540,462,431
2020-08-10,배추,618,540,430
2020-08-11,배추,442,619,458
2020-08-12,배추,455,443,458
2020-08-13,배추,419,455,578
2020-08-14,배추,394,420,366
2020-08-15,배추,367,393,414
2020-08-16,배추,352,367,478
2020-08-17,배추,337,352,479
2020-08-18,배추,324,337,722
2020-08-19,배추,449,323,722
2020-08-20,배추,379,449,662
2020-08-21,배추,424,379,507
2020-08-22,배추,269,424,456
2020-08-23,배추,344,269,482
2020-08-24,배추,419,344,482
2020-08-25,배추,459,419,557
2020-08-26,배추,405,459,556
2020-08-27,배추,332,405,581
2020-08-28,배추,347,333,459
2020-08-29,배추,342,347,646
2020-08-30,배추,522,342,673
2020-08-31,배추,703,522,672
2020-09-01,배추,568,701,812
2020-09-02,배추,447,567,812
2020-09-03,배추,258,448,630
2020-09-04,배추,391,258,588
2020-09-05,배추,441,391,909
2020-09-06,배추,442,441,671
2020-09-07,배추,443,442,672
2020-09-08,배추,301,444,858
2020-09-09,배추,492,301,859
2020-09-10,배추,463,492,708
2020-09-11,배추,459,463,619
2020-09-12,배추,395,459,108
2020-09-13,배추,438,395,294
2020-09-14,배추,482,438,387
2020-09-15,배추,593,483,480
2020-09-16,배추,750,592,479
2020-09-17,배추,676,750,420
2020-09-18,배추,758,675,340
2020-09-19,배추,587,759,383
2020-09-20,배추,792,587,273
2020-09-21,배추,998,792,274
2020-09-22,배추,754,997,315
2020-09-23,배추,1022,753,315
2020-09-24,배추,859,1022,432
2020-09-25,배추,828,860,368
2020-09-26,배추,772,827,362
2020-09-27,배추,946,772,257
2020-09-28,배추,1119,946,258
2020-09-29,배추,1014,1119,450
2020-09-30,배추,148,1014,451
2020-10-01,배추,290,148,520
2020-10-02,배추,432,290,423
2020-10-03,배추,574,432,436
2020-10-04,배추,716,574,528
2020-10-05,배추,858,716,528
2020-10-06,배추,809,859,725
2020-10-07,배추,716,808,726
2020-10-08,배추,683,716,543
2020-10-09,배추,723,683,436
2020-10-10,배추,475,723,450
2020-10-11,배추,636,475,518
2020-10-12,배추,798,636,518
2020-10-13,배추,771,798,613
2020-10-14,배추,693,772,613
2020-10-15,배추,597,693,482
2020-10-16,배추,636,597,712
2020-10-17,배추,597,637,709
2020-10-18,배추,690,597,398
2020-10-19,배추,783,690,399
2020-10-20,배추,769,782,797
2020-10-21,배추,682,770,797
2020-10-22,배추,814,682,473
2020-10-23,배추,824,813,499
2020-10-24,배추,570,823,638
2020-10-25,배추,640,570,550
2020-10-26,배추,709,640,550
2020-10-27,배추,582,708,583
2020-10-28,배추,698,582,583
2020-10-29,배추,657,698,654
2020-10-30,배추,683,657,565
2020-10-31,배추,605,683,486
2020-11-01,배추,628,605,512
2020-11-02,배추,652,628,512
2020-11-03,배추,680,652,779
2020-11-04,배추,623,680,777
2020-11-05,배추,492,623,748
2020-11-06,배추,762,491,754
2020-11-07,배추,738,762,705
2020-11-08,배추,740,738,539
2020-11-09,배추,743,740,538
2020-11-10,배추,680,743,919
2020-11-11,배추,824,679,920
2020-11-12,배추,837,823,1008
2020-11-13,배추,910,837,930
2020-11-14,배추,1143,910,815
2020-11-15,배추,1192,1143,954
2020-11-16,배추,1240,1192,955
2020-11-17,배추,1168,1240,1113
2020-11-18,배추,1082,1168,1113
2020-11-19,배추,885,1083,895
2020-11-20,배추,687,884,874
2020-11-21,배추,1426,687,1093
2020-11-22,배추,1428,1426,1348
2020-11-23,배추,1430,1428,1348
2020-11-24,배추,1093,1429,1431
2020-11-25,배추,1013,1093,1432
2020-11-26,배추,1191,1013,926
2020-11-27,배추,1209,1191,1029
2020-11-28,배추,998,1210,865
2020-11-29,배추,937,998,1042
2020-11-30,배추,876,937,1041
2020-12-01,배추,591,876,747
2020-12-02,배추,525,591,747
2020-12-03,배추,421,526,448
2020-12-04,배추,728,422,591
2020-12-05,배추,662,728,612
2020-12-06,배추,628,662,478
2020-12-07,배추,595,628,478
2020-12-08,배추,391,596,605
2020-12-09,배추,478,391,606
2020-12-10,배추,277,478,402
2020-12-11,배추,430,277,524
2020-12-12,배추,313,431,467
2020-12-13,배추,202,313,269
2020-12-14,배추,91,202,269
2020-12-15,배추,283,92,474
2020-12-16,배추,126,284,473
2020-12-17,배추,101,126,394
2020-12-18,배추,150,101,295
2020-12-19,배추,217,149,390
2020-12-20,배추,318,217,294
2020-12-21,배추,418,318,295
2020-12-22,배추,298,417,376
2020-12-23,배추,392,298,378
2020-12-24,배추,215,391,386
2020-12-25,배추,274,215,417
2020-12-26,배추,111,274,185
2020-12-27,배추,197,111,254
2020-12-28,배추,283,197,253
2020-12-29,배추,274,284,440
2020-12-30,배추,544,273,439
2020-12-31,배추,100,544,142
2021-01-01,배추,149,100,519
2021-01-02,배추,198,149,708
2021-01-03,배추,248,198,465
2021-01-04,배추,297,248,464
2021-01-05,배추,368,296,452
2021-01-06,배추,413,368,452
2021-01-07,배추,156,413,340
2021-01-08,배추,97,156,390
2021-01-09,배추,6,97,316
2021-01-10,배추,66,6,297
2021-01-11,배추,126,66,298
2021-01-12,배추,281,126,552
2021-01-13,배추,102,281,554
2021-01-14,배추,303,102,370
2021-01-15,배추,240,303,338
2021-01-16,배추,234,240,328
2021-01-17,배추,295,234,381
2021-01-18,배추,356,295,381
2021-01-19,배추,250,355,428
2021-01-20,배추,307,250,428
2021-01-21,배추,263,306,398
2021-01-22,배추,332,263,326
2021-01-23,배추,146,332,293
2021-01-24,배추,182,146,204
2021-01-25,배추,219,182,274
2021-01-26,배추,378,220,343
2021-01-27,배추,226,378,412
2021-01-28,배추,440,226,412
2021-01-29,배추,430,439,230
2021-01-30,배추,131,430,316
2021-01-31,배추,272,131,188
2021-02-01,배추,412,272,188
2021-02-02,배추,370,412,397
2021-02-03,배추,360,370,398
2021-02-04,배추,346,359,213
2021-02-05,배추,293,345,227
2021-02-06,배추,217,293,289
2021-02-07,배추,318,217,185
2021-02-08,배추,420,318,184
2021-02-09,배추,256,419,407
2021-02-10,배추,309,256,408
2021-02-11,배추,20,309,267
2021-02-12,배추,72,20,167
2021-02-13,배추,123,72,456
2021-02-14,배추,174,123,322
2021-02-15,배추,226,174,322
2021-02-16,배추,219,225,312
2021-02-17,배추,208,219,312
2021-02-18,배추,121,207,194
2021-02-19,배추,161,120,287
2021-02-20,배추,208,161,253
2021-02-21,배추,328,208,195
2021-02-22,배추,447,328,196
2021-02-23,배추,290,446,361
2021-02-24,배추,375,289,361
2021-02-25,배추,327,375,224
2021-02-26,배추,268,326,165
2021-02-27,배추,203,268,210
2021-02-28,배추,267,203,161
2021-03-01,배추,331,267,232
2021-03-02,배추,356,332,304
2021-03-03,배추,172,357,285
2021-03-04,배추,230,172,336
2021-03-05,배추,226,230,229
2021-03-06,배추,78,226,317
2021-03-07,배추,298,78,154
2021-03-08,배추,519,298,241
2021-03-09,배추,304,518,328
2021-03-10,배추,259,303,233
2021-03-11,배추,321,258,237
2021-03-12,배추,336,320,285
2021-03-13,배추,45,336,305
2021-03-14,배추,218,45,117
2021-03-15,배추,390,218,231
2021-03-16,배추,299,390,344
2021-03-17,배추,306,300,277
2021-03-18,배추,287,307,352
2021-03-19,배추,148,287,322
2021-03-20,배추,72,148,238
2021-03-21,배추,254,72,165
2021-03-22,배추,436,254,244
2021-03-23,배추,339,436,323
2021-03-24,배추,277,340,297
2021-03-25,배추,331,277,352
2021-03-26,배추,245,331,307
2021-03-27,배추,129,245,296
2021-03-28,배추,276,129,158
2021-03-29,배추,424,276,240
2021-03-30,배추,321,423,320
2021-03-31,배추,247,321,320
2021-04-01,배추,292,246,328
2021-04-02,배추,280,291,308
2021-04-03,배추,134,280,290
2021-04-04,배추,292,134,212
2021-04-05,배추,450,292,282
2021-04-06,배추,333,449,352
2021-04-07,배추,334,332,331
2021-04-08,배추,231,334,264
2021-04-09,배추,271,231,330
2021-04-10,배추,184,272,328
2021-04-11,배추,350,184,177
2021-04-12,배추,515,350,252
2021-04-13,배추,231,515,327
2021-04-14,배추,441,232,320
2021-04-15,배추,374,441,293
2021-04-16,배추,303,373,226
2021-04-17,배추,91,302,321
2021-04-18,배추,245,91,197
2021-04-19,배추,399,245,253
2021-04-20,배추,374,400,309
2021-04-21,배추,290,374,259
2021-04-22,배추,215,290,277
2021-04-23,배추,284,215,307
2021-04-24,배추,198,283,295
2021-04-25,배추,288,198,214
2021-04-26,배추,377,288,290
2021-04-27,배추,330,377,365
2021-04-28,배추,344,330,303
2021-04-29,배추,420,344,368
2021-04-30,배추,331,420,329
2021-05-01,배추,217,331,269
2021-05-02,배추,308,217,199
2021-05-03,배추,400,308,273
2021-05-04,배추,414,400,348
2021-05-05,배추,382,414,289
2021-05-06,배추,329,383,306
2021-05-07,배추,292,330,325
2021-05-08,배추,214,292,317
2021-05-09,배추,371,214,275
2021-05-10,배추,528,371,341
2021-05-11,배추,501,528,407
2021-05-12,배추,439,501,322
2021-05-13,배추,353,439,341
2021-05-14,배추,418,353,391
2021-05-15,배추,210,419,460
2021-05-16,배추,261,210,289
2021-05-17,배추,312,261,348
2021-05-18,배추,425,312,406
2021-05-19,배추,283,424,447
2021-05-20,배추,298,284,348
2021-05-21,배추,256,299,311
2021-05-22,배추,335,256,411
2021-05-23,배추,404,335,265
2021-05-24,배추,472,404,330
2021-05-25,배추,396,473,396
2021-05-26,배추,339,396,456
2021-05-27,배추,293,339,299
2021-05-28,배추,306,293,368
2021-05-29,배추,304,306,444
2021-05-30,배추,337,304,397
2021-05-31,배추,370,337,394
2021-06-01,배추,468,371,391
2021-06-02,배추,339,467,494
2021-06-03,배추,333,340,595
2021-06-04,배추,238,333,464
2021-06-05,배추,372,238,434
2021-06-06,배추,366,372,335
2021-06-07,배추,359,366,354
2021-06-08,배추,340,359,373
2021-06-09,배추,401,341,325
2021-06-10,배추,230,402,376
2021-06-11,배추,372,229,458
2021-06-12,배추,125,372,286
2021-06-13,배추,366,125,468
2021-06-14,배추,606,366,356
2021-06-15,배추,406,607,244
2021-06-16,배추,554,406,404
2021-06-17,배추,387,554,468
2021-06-18,배추,346,387,479
2021-06-19,배추,265,346,490
2021-06-20,배추,360,265,410
2021-06-21,배추,454,360,378
2021-06-22,배추,426,454,346
2021-06-23,배추,441,426,490
2021-06-24,배추,479,442,399
2021-06-25,배추,424,479,484
2021-06-26,배추,315,426,286
2021-06-27,배추,405,315,260
2021-06-28,배추,495,405,440
2021-06-29,배추,512,495,619
2021-06-30,배추,505,513,523
2021-07-01,배추,518,505,240
2021-07-02,배추,621,518,517
2021-07-03,배추,514,621,401
2021-07-04,배추,434,514,297
2021-07-05,배추,353,434,436
2021-07-06,배추,734,353,574
2021-07-07,배추,581,733,496
2021-07-08,배추,490,581,399
2021-07-09,배추,478,490,395
2021-07-10,배추,348,479,357
2021-07-11,배추,388,348,145
2021-07-12,배추,427,388,363
2021-07-13,배추,497,427,581
2021-07-14,배추,599,497,287
2021-07-15,배추,349,600,352
2021-07-16,배추,335,348,504
2021-07-17,배추,182,335,367
2021-07-18,배추,321,182,336
2021-07-19,배추,460,321,334
2021-07-20,배추,349,461,332
2021-07-21,배추,439,349,337
2021-07-22,배추,361,439,483
2021-07-23,배추,403,361,360
2021-07-24,배추,281,403,374
2021-07-25,배추,310,281,222
2021-07-26,배추,339,310,423
2021-07-27,배추,317,339,624
2021-07-28,배추,299,317,497
2021-07-29,배추,274,299,386
2021-07-30,배추,284,274,320
2021-07-31,배추,226,283,342
2021-08-01,배추,314,226,398
2021-08-02,배추,401,314,455
2021-08-03,배추,265,401,512
2021-08-04,배추,407,265,330
2021-08-05,배추,314,407,444
2021-08-06,배추,398,314,427
2021-08-07,배추,424,398,293
2021-08-08,배추,449,424,462
2021-08-09,배추,475,449,540
2021-08-10,배추,381,474,619
2021-08-11,배추,503,381,443
2021-08-12,배추,461,502,455
2021-08-13,배추,348,461,420
2021-08-14,배추,314,348,393
2021-08-15,배추,389,314,367
2021-08-16,배추,464,389,352
2021-08-17,배추,541,463,337
2021-08-18,배추,321,541,323
2021-08-19,배추,408,322,449
2021-08-20,배추,565,408,379
2021-08-21,배추,448,565,424
2021-08-22,배추,500,448,269
2021-08-23,배추,552,500,344
2021-08-24,배추,533,554,419
2021-08-25,배추,195,533,459
2021-08-26,배추,522,195,405
2021-08-27,배추,551,523,333
2021-08-28,배추,575,552,347
2021-08-29,배추,606,575,342
2021-08-30,배추,638,606,522
2021-08-31,배추,700,639,701
2021-09-01,배추,412,700,567
2021-09-02,배추,288,412,448
2021-09-03,배추,657,288,258
2021-09-04,배추,656,656,391
2021-09-05,배추,665,656,441
2021-09-06,배추,674,665,442
2021-09-07,배추,714,674,444
2021-09-08,배추,451,713,301
2021-09-09,배추,663,450,492
2021-09-10,배추,723,663,463
2021-09-11,배추,810,723,459
2021-09-12,배추,854,810,395
2021-09-13,배추,899,854,438
2021-09-14,배추,843,900,483
2021-09-15,배추,756,844,592
2021-09-16,배추,760,756,750
2021-09-17,배추,748,761,675
2021-09-18,배추,336,748,759
2021-09-19,배추,419,336,587
2021-09-20,배추,503,419,792
2021-09-21,배추,586,503,998
2021-09-22,배추,669,586,754
2021-09-23,배추,753,669,1022
2021-09-24,배추,836,753,860
2021-09-25,배추,695,836,827
2021-09-26,배추,685,695,772
2021-09-27,배추,675,685,946
2021-09-28,배추,664,675,1119
2021-09-29,배추,481,664,1014
2021-09-30,배추,254,481,148
2021-10-01,배추,489,254,290
2021-10-02,배추,570,489,432
2021-10-03,배추,696,570,574
2021-10-04,배추,823,696,716
2021-10-05,배추,555,823,859
2021-10-06,배추,646,555,808
2021-10-07,배추,628,646,716
2021-10-08,배추,717,628,683
2021-10-09,배추,410,716,723
2021-10-10,배추,526,410,475
2021-10-11,배추,641,526,636
2021-10-12,배추,619,641,798
2021-10-13,배추,498,620,772
2021-10-14,배추,705,498,693
2021-10-15,배추,507,705,597
2021-10-16,배추,431,508,637
2021-10-17,배추,443,431,597
2021-10-18,배추,455,443,690
2021-10-19,배추,570,456,782
2021-10-20,배추,664,571,770
2021-10-21,배추,661,664,682
2021-10-22,배추,526,661,813
2021-10-23,배추,459,525,823
2021-10-24,배추,584,459,570
2021-10-25,배추,708,584,640
2021-10-26,배추,750,708,708
2021-10-27,배추,603,750,582
2021-10-28,배추,683,603,698
2021-10-29,배추,661,682,657
2021-10-30,배추,648,660,683
2021-10-31,배추,672,648,605
2021-11-01,배추,696,672,628
2021-11-02,배추,723,696,652
2021-11-03,배추,584,723,680
2021-11-04,배추,789,583,623
2021-11-05,배추,679,789,491
2021-11-06,배추,1020,678,762
2021-11-07,배추,1137,1020,738
2021-11-08,배추,1254,1137,740
2021-11-09,배추,822,1253,743
2021-11-10,배추,858,823,679
2021-11-11,배추,927,858,823
2021-11-12,배추,1391,926,837
2021-11-13,배추,1177,1392,910
2021-11-14,배추,1378,1177,1143
2021-11-15,배추,1579,1378,1192
2021-11-16,배추,1167,1580,1240
2021-11-17,배추,1269,1168,1168
2021-11-18,배추,1163,1270,1083
2021-11-19,배추,1477,1163,884
2021-11-20,배추,1293,1477,687
2021-11-21,배추,1232,1293,1426
2021-11-22,배추,1172,1232,1428
2021-11-23,배추,875,1173,1429
2021-11-24,배추,579,875,1093
2021-11-25,배추,1120,577,1013
2021-11-26,배추,1136,1121,1191
2021-11-27,배추,991,1136,1210
2021-11-28,배추,910,991,998
2021-11-29,배추,828,910,937
2021-11-30,배추,775,828,876
2021-12-01,배추,537,775,591
2021-12-02,배추,394,538,526
2021-12-03,배추,682,394,422
2021-12-04,배추,673,683,728
2021-12-05,배추,618,673,662
2021-12-06,배추,564,618,628
2021-12-07,배추,422,564,596
2021-12-08,배추,353,422,391
2021-12-09,배추,510,353,478
2021-12-10,배추,514,509,277
2021-12-11,배추,409,513,431
2021-12-12,배추,335,409,313
2021-12-13,배추,261,335,202
2021-12-14,배추,338,262,92
2021-12-15,배추,339,338,284
2021-12-16,배추,329,338,126
2021-12-17,배추,257,329,101
2021-12-18,배추,131,257,149
2021-12-19,배추,228,131,217
2021-12-20,배추,324,228,318
2021-12-21,배추,362,324,417
2021-12-22,배추,363,362,298
2021-12-23,배추,245,363,391
2021-12-24,배추,212,245,215
2021-12-25,배추,163,212,274
2021-12-26,배추,114,163,111
2021-12-27,배추,66,114,197
2021-12-28,배추,325,66,284
2021-12-29,배추,274,325,273
2021-12-30,배추,323,273,544
2021-12-31,배추,257,323,99
2022-01-01,배추,230,257,149
2022-01-02,배추,204,230,198
2022-01-03,배추,177,204,248
2022-01-04,배추,282,176,296
2022-01-05,배추,412,282,368
2022-01-06,배추,372,412,413
2022-01-07,배추,247,372,156
2022-01-08,배추,131,247,97
2022-01-09,배추,232,131,6
2022-01-10,배추,332,232,66
2022-01-11,배추,242,332,126
2022-01-12,배추,222,243,281
2022-01-13,배추,251,221,102
2022-01-14,배추,290,250,303
2022-01-15,배추,203,290,240
2022-01-16,배추,392,203,234
2022-01-17,배추,581,392,295
2022-01-18,배추,299,580,355
2022-01-19,배추,304,298,250
2022-01-20,배추,325,305,306
2022-01-21,배추,247,324,263
2022-01-22,배추,134,248,332
2022-01-23,배추,349,134,146
2022-01-24,배추,564,349,182
2022-01-25,배추,395,564,220
2022-01-26,배추,516,394,378
2022-01-27,배추,346,515,226
2022-01-28,배추,347,346,439
2022-01-29,배추,187,346,430
2022-01-30,배추,32,187,131
2022-01-31,배추,104,32,272
2022-02-01,배추,176,104,412
2022-02-02,배추,249,176,370
2022-02-03,배추,321,249,360
2022-02-04,배추,393,321,345
2022-02-05,배추,171,393,293
2022-02-06,배추,269,171,217
2022-02-07,배추,367,269,318
2022-02-08,배추,215,367,419
2022-02-09,배추,208,214,256
2022-02-10,배추,363,206,309
2022-02-11,배추,298,362,20
2022-02-12,배추,175,298,72
2022-02-13,배추,246,175,123
2022-02-14,배추,317,246,174
2022-02-15,배추,299,316,225
2022-02-16,배추,267,299,219
2022-02-17,배추,269,267,207
2022-02-18,배추,242,270,120
2022-02-19,배추,140,241,161
2022-02-20,배추,302,140,208
2022-02-21,배추,464,302,328
2022-02-22,배추,194,464,446
2022-02-23,배추,374,194,289
2022-02-24,배추,272,374,375
2022-02-25,배추,234,272,326
2022-02-26,배추,261,233,268
2022-02-27,배추,325,261,203
2022-02-28,배추,389,325,267
2022-03-01,배추,232,389,332
2022-03-02,배추,185,232,357
2022-03-03,배추,423,184,172
2022-03-04,배추,318,422,230
2022-03-05,배추,293,318,226
2022-03-06,배추,348,293,78
2022-03-07,배추,403,348,298
2022-03-08,배추,324,404,518
2022-03-09,배추,361,324,303
2022-03-10,배추,201,361,258
2022-03-11,배추,243,200,320
2022-03-12,배추,258,243,336
2022-03-13,배추,288,258,45
2022-03-14,배추,319,288,218
2022-03-15,배추,322,318,390
2022-03-16,배추,292,322,300
2022-03-17,배추,271,290,307
2022-03-18,배추,335,271,287
2022-03-19,배추,228,335,148
2022-03-20,배추,256,228,72
2022-03-21,배추,285,256,254
2022-03-22,배추,279,285,436
2022-03-23,배추,385,280,340
2022-03-24,배추,294,385,277
2022-03-25,배추,277,292,331
2022-03-26,배추,220,276,245
2022-03-27,배추,286,220,129
2022-03-28,배추,353,286,276
2022-03-29,배추,309,352,423
2022-03-30,배추,279,308,321
2022-03-31,배추,290,278,246
2022-04-01,배추,308,289,291
2022-04-02,배추,205,307,280
2022-04-03,배추,286,205,134
2022-04-04,배추,366,286,292
2022-04-05,배추,360,365,449
2022-04-06,배추,477,361,332
2022-04-07,배추,304,477,334
2022-04-08,배추,381,303,231
2022-04-09,배추,232,381,272
2022-04-10,배추,310,232,184
2022-04-11,배추,387,310,350
2022-04-12,배추,428,386,515
2022-04-13,배추,385,428,232
2022-04-14,배추,386,386,441
2022-04-15,배추,257,386,373
2022-04-16,배추,208,257,302
2022-04-17,배추,332,208,91
2022-04-18,배추,455,332,245
2022-04-19,배추,311,454,400
2022-04-20,배추,352,311,374
2022-04-21,배추,431,352,290
2022-04-22,배추,370,431,215
2022-04-23,배추,209,370,283
2022-04-24,배추,306,209,198
2022-04-25,배추,402,306,288
2022-04-26,배추,397,402,377
2022-04-27,배추,352,398,330
2022-04-28,배추,444,352,344
2022-04-29,배추,338,444,420
2022-04-30,배추,228,338,331
2022-05-01,배추,314,228,217
2022-05-02,배추,400,314,308
2022-05-03,배추,410,400,400
2022-05-04,배추,432,409,414
2022-05-05,배추,301,431,383
2022-05-06,배추,319,301,330
2022-05-07,배추,295,319,292
2022-05-08,배추,353,295,214
2022-05-09,배추,411,353,371
2022-05-10,배추,442,411,528
2022-05-11,배추,386,442,501
2022-05-12,배추,322,386,439
2022-05-13,배추,324,322,353
2022-05-14,배추,227,325,419
2022-05-15,배추,388,227,210
2022-05-16,배추,548,388,261
2022-05-17,배추,449,547,312
2022-05-18,배추,361,449,424
2022-05-19,배추,392,361,284
2022-05-20,배추,448,392,299
2022-05-21,배추,373,448,256
2022-05-22,배추,454,373,335
2022-05-23,배추,535,454,404
2022-05-24,배추,396,535,473
2022-05-25,배추,340,397,396
2022-05-26,배추,379,340,339
2022-05-27,배추,316,379,293
2022-05-28,배추,277,316,306
2022-05-29,배추,352,277,304
2022-05-30,배추,427,352,337
2022-05-31,배추,311,426,371
2022-06-01,배추,417,311,467
2022-06-02,배추,321,416,340
2022-06-03,배추,326,321,333
2022-06-04,배추,305,326,238
2022-06-05,배추,392,305,372
2022-06-06,배추,478,392,366
2022-06-07,배추,242,478,359
2022-06-08,배추,471,243,341
2022-06-09,배추,494,471,402
2022-06-10,배추,442,494,229
2022-06-11,배추,356,443,372
2022-06-12,배추,349,356,125
2022-06-13,배추,342,349,366
2022-06-14,배추,394,342,607
2022-06-15,배추,460,393,406
2022-06-16,배추,312,460,554
2022-06-17,배추,467,310,387
2022-06-18,배추,406,467,346
2022-06-19,배추,396,406,265
2022-06-20,배추,387,396,360
2022-06-21,배추,493,387,454
2022-06-22,배추,462,493,426
2022-06-23,배추,429,461,442
2022-06-24,배추,550,429,479
2022-06-25,배추,274,550,426
2022-06-26,배추,464,274,315
2022-06-27,배추,654,464,405
2022-06-28,배추,488,654,495
2022-06-29,배추,475,488,513
2022-06-30,배추,200,475,505
2022-07-01,배추,273,200,518
2022-07-02,배추,348,273,621
2022-07-03,배추,434,348,514
2022-07-04,배추,520,434,434
2022-07-05,배추,388,520,353
2022-07-06,배추,411,387,733
2022-07-07,배추,404,411,581
2022-07-08,배추,423,405,490
2022-07-09,배추,259,423,479
2022-07-10,배추,410,259,348
2022-07-11,배추,562,410,388
2022-07-12,배추,325,562,427
2022-07-13,배추,465,326,497
2022-07-14,배추,276,465,600
2022-07-15,배추,434,276,348
2022-07-16,배추,380,435,335
2022-07-17,배추,412,380,182
2022-07-18,배추,445,412,321
2022-07-19,배추,423,445,461
2022-07-20,배추,404,424,349
2022-07-21,배추,465,403,439
2022-07-22,배추,237,465,361
2022-07-23,배추,243,237,403
2022-07-24,배추,364,243,281
2022-07-25,배추,484,364,310
2022-07-26,배추,409,483,339
2022-07-27,배추,436,409,317
2022-07-28,배추,345,436,299
2022-07-29,배추,444,345,274
2022-07-30,배추,407,443,283
2022-07-31,배추,436,407,226
2022-08-01,배추,464,436,314
2022-08-02,배추,449,464,401
2022-08-03,배추,469,449,265
2022-08-04,배추,414,469,407
2022-08-05,배추,500,415,314
2022-08-06,배추,568,500,398
2022-08-07,배추,636,568,424
2022-08-08,배추,704,636,449
2022-08-09,배추,574,704,474
2022-08-10,배추,280,575,381
2022-08-11,배추,523,279,502
2022-08-12,배추,449,523,461
2022-08-13,배추,457,449,348
2022-08-14,배추,577,457,314
2022-08-15,배추,697,577,389
2022-08-16,배추,580,698,463
2022-08-17,배추,454,580,541
2022-08-18,배추,619,454,322
2022-08-19,배추,504,619,408
2022-08-20,배추,430,503,565
2022-08-21,배추,570,430,448
2022-08-22,배추,710,570,500
2022-08-23,배추,539,709,554
2022-08-24,배추,670,539,533
2022-08-25,배추,722,669,195
2022-08-26,배추,664,722,523
2022-08-27,배추,660,664,552
2022-08-28,배추,674,660,575
2022-08-29,배추,689,674,606
2022-08-30,배추,955,689,639
2022-08-31,배추,589,955,700
2022-09-01,배추,621,589,412
2022-09-02,배추,1060,621,288
2022-09-03,배추,904,1060,656
2022-09-04,배추,900,904,656
2022-09-05,배추,897,900,665
2022-09-06,배추,783,897,674
2022-09-07,배추,750,783,713
2022-09-08,배추,818,749,450
2022-09-09,배추,183,817,663
2022-09-10,배추,257,183,723
2022-09-11,배추,330,257,810
2022-09-12,배추,404,330,854
2022-09-13,배추,478,404,900
2022-09-14,배추,505,477,844
2022-09-15,배추,535,504,756
2022-09-16,배추,554,535,761
2022-09-17,배추,413,554,748
2022-09-18,배추,442,413,336
2022-09-19,배추,472,442,419
2022-09-20,배추,387,471,503
2022-09-21,배추,695,386,586
2022-09-22,배추,462,695,669
2022-09-23,배추,544,462,753
2022-09-24,배추,552,543,836
2022-09-25,배추,546,552,695
2022-09-26,배추,540,546,685
2022-09-27,배추,639,540,675
2022-09-28,배추,503,639,664
2022-09-29,배추,524,503,481
2022-09-30,배추,556,525,254
2022-10-01,배추,427,555,489
2022-10-02,배추,390,427,570
2022-10-03,배추,352,390,696
2022-10-04,배추,260,353,823
2022-10-05,배추,532,260,555
2022-10-06,배추,922,532,646
2022-10-07,배추,580,922,628
2022-10-08,배추,642,579,716
2022-10-09,배추,642,642,410
2022-10-10,배추,643,642,526
2022-10-11,배추,443,643,641
2022-10-12,배추,665,443,620
2022-10-13,배추,594,665,498
2022-10-14,배추,570,594,705
2022-10-15,배추,338,570,508
2022-10-16,배추,554,338,431
2022-10-17,배추,769,554,443
2022-10-18,배추,607,769,456
2022-10-19,배추,550,608,571
2022-10-20,배추,578,550,664
2022-10-21,배추,617,578,661
2022-10-22,배추,559,617,525
2022-10-23,배추,678,559,459
2022-10-24,배추,798,678,584
2022-10-25,배추,546,797,708
2022-10-26,배추,546,546,750
2022-10-27,배추,501,545,603
2022-10-28,배추,473,502,682
2022-10-29,배추,538,474,660
2022-10-30,배추,592,538,648
2022-10-31,배추,645,592,672
2022-11-01,배추,758,644,696
2022-11-02,배추,699,757,723
2022-11-03,배추,545,699,583
2022-11-04,배추,664,545,789
2022-11-05,배추,534,664,678
2022-11-06,배추,696,534,1020
2022-11-07,배추,857,696,1137
2022-11-08,배추,945,857,1253
2022-11-09,배추,821,945,823
2022-11-10,배추,854,822,858
2022-11-11,배추,1052,854,926
2022-11-12,배추,1040,1052,1392
2022-11-13,배추,1052,1040,1177
2022-11-14,배추,1064,1052,1378
2022-11-15,배추,879,1064,1580
2022-11-16,배추,954,879,1168
2022-11-17,배추,1011,955,1270
2022-11-18,배추,1075,1012,1163
2022-11-19,배추,1226,1075,1477
2022-11-20,배추,1142,1226,1293
2022-11-21,배추,1057,1142,1232
2022-11-22,배추,695,1057,1173
2022-11-23,배추,912,695,875
2022-11-24,배추,713,912,577
2022-11-25,배추,1011,713,1121
2022-11-26,배추,1111,1010,1136
2022-11-27,배추,1063,1111,991
2022-11-28,배추,1015,1063,910
2022-11-29,배추,637,1015,828
2022-11-30,배추,458,637,775
2022-12-01,배추,407,457,538
2022-12-02,배추,349,406,394
2022-12-03,배추,522,349,683
2022-12-04,배추,626,522,673
2022-12-05,배추,729,626,618
2022-12-06,배추,433,729,564
2022-12-07,배추,344,434,422
2022-12-08,배추,364,343,353
2022-12-09,배추,402,365,509
2022-12-10,배추,386,403,513
2022-12-11,배추,410,386,409
2022-12-12,배추,433,410,335
2022-12-13,배추,377,433,262
2022-12-14,배추,395,378,338
2022-12-15,배추,191,395,338
2022-12-16,배추,170,191,329
2022-12-17,배추,153,170,257
2022-12-18,배추,144,153,131
2022-12-19,배추,135,144,228
2022-12-20,배추,318,135,324
2022-12-21,배추,281,318,362
2022-12-22,배추,314,281,363
2022-12-23,배추,198,313,245
2022-12-24,배추,82,198,212
2022-12-25,배추,136,82,163
2022-12-26,배추,189,136,114
2022-12-27,배추,333,189,66
2022-12-28,배추,298,333,325
2022-12-29,배추,361,298,273
2022-12-30,배추,402,361,323
2022-12-31,배추,161,403,257
2023-01-01,배추,221,161,230
2023-01-02,배추,282,221,204
2023-01-03,배추,342,282,176
2023-01-04,배추,272,342,282
2023-01-05,배추,281,272,412
2023-01-06,배추,304,282,372
2023-01-07,배추,202,304,247
2023-01-08,배추,314,202,131
2023-01-09,배추,427,314,232
2023-01-10,배추,196,427,332
2023-01-11,배추,242,195,243
2023-01-12,배추,294,242,221
2023-01-13,배추,354,294,250
2023-01-14,배추,122,354,290
2023-01-15,배추,252,122,203
2023-01-16,배추,382,252,392
2023-01-17,배추,390,382,580
2023-01-18,배추,281,389,298
2023-01-19,배추,309,281,305
2023-01-20,배추,198,309,324
2023-01-21,배추,22,198,248
2023-01-22,배추,51,22,134
2023-01-23,배추,80,51,349
2023-01-24,배추,108,80,564
2023-01-25,배추,137,108,394
2023-01-26,배추,43,137,515
2023-01-27,배추,190,43,346
2023-01-28,배추,172,189,346
2023-01-29,배추,192,172,187
2023-01-30,배추,212,192,33
2023-01-31,배추,250,212,104
2023-02-01,배추,338,250,176
2023-02-02,배추,330,338,249
2023-02-03,배추,342,330,321
2023-02-04,배추,256,341,393
2023-02-05,배추,262,256,171
2023-02-06,배추,268,262,269
2023-02-07,배추,206,268,367
2023-02-08,배추,290,206,214
2023-02-09,배추,293,290,206
2023-02-10,배추,246,293,362
2023-02-11,배추,135,246,298
2023-02-12,배추,276,135,175
2023-02-13,배추,417,276,246
2023-02-14,배추,175,417,316
2023-02-15,배추,188,176,299
2023-02-16,배추,373,188,267
2023-02-17,배추,309,372,270
2023-02-18,배추,188,309,241
2023-02-19,배추,246,188,140
2023-02-20,배추,303,246,302
2023-02-21,배추,358,303,464
2023-02-22,배추,234,357,194
2023-02-23,배추,254,234,374
2023-02-24,배추,279,255,272
2023-02-25,배추,172,279,233
2023-02-26,배추,240,172,261
2023-02-27,배추,307,240,325
2023-02-28,배추,309,308,389
2023-03-01,배추,280,310,232
2023-03-02,배추,208,280,184
2023-03-03,배추,341,208,422
2023-03-04,배추,236,341,318
2023-03-05,배추,291,236,293
2023-03-06,배추,346,291,348
2023-03-07,배추,220,346,404
2023-03-08,배추,337,220,324
2023-03-09,배추,432,337,361
2023-03-10,배추,303,432,200
2023-03-11,배추,108,303,243
2023-03-12,배추,206,108,258
2023-03-13,배추,303,206,288
2023-03-14,배추,345,303,318
2023-03-15,배추,307,345,322
2023-03-16,배추,324,307,290
2023-03-17,배추,267,325,271
2023-03-18,배추,151,268,335
2023-03-19,배추,260,151,228
2023-03-20,배추,370,260,256
2023-03-21,배추,252,370,285
2023-03-22,배추,276,252,280
2023-03-23,배추,325,276,385
2023-03-24,배추,357,324,292
2023-03-25,배추,176,356,276
2023-03-26,배추,257,176,220
2023-03-27,배추,338,257,286
2023-03-28,배추,299,338,352
2023-03-29,배추,319,299,308
2023-03-30,배추,347,319,278
2023-03-31,배추,239,347,289
2023-04-01,배추,150,240,307
2023-04-02,배추,158,150,205
2023-04-03,배추,166,158,286
2023-04-04,배추,178,166,365
2023-04-05,배추,301,178,361
2023-04-06,배추,213,301,477
2023-04-07,배추,180,214,303
2023-04-08,배추,255,180,381
2023-04-09,배추,345,255,232
2023-04-10,배추,435,345,310
2023-04-11,배추,264,434,386
2023-04-12,배추,332,264,428
2023-04-13,배추,255,331,386
2023-04-14,배추,271,256,386
2023-04-15,배추,118,271,257
2023-04-16,배추,230,118,208
2023-04-17,배추,341,230,332
2023-04-18,배추,306,341,454
2023-04-19,배추,329,306,311
2023-04-20,배추,296,330,352
2023-04-21,배추,255,297,431
2023-04-22,배추,216,255,370
2023-04-23,배추,256,216,209
2023-04-24,배추,296,256,306
2023-04-25,배추,235,296,402
2023-04-26,배추,223,235,398
2023-04-27,배추,240,223,352
2023-04-28,배추,299,240,444
2023-04-29,배추,238,299,338
2023-04-30,배추,267,238,228
2023-05-01,배추,296,267,314
2023-05-02,배추,255,296,400
2023-05-03,배추,261,254,409
2023-05-04,배추,334,262,431
2023-05-05,배추,328,335,301
2023-05-06,배추,127,328,319
2023-05-07,배추,322,127,295
2023-05-08,배추,516,322,353
2023-05-09,배추,427,517,411
2023-05-10,배추,358,427,442
2023-05-11,배추,357,358,386
2023-05-12,배추,364,357,322
2023-05-13,배추,205,365,325
2023-05-14,배추,222,205,227
2023-05-15,배추,239,222,388
2023-05-16,배추,247,239,547
2023-05-17,배추,351,247,449
2023-05-18,배추,273,352,361
2023-05-19,배추,313,273,392
2023-05-20,배추,240,314,448
2023-05-21,배추,380,240,373
2023-05-22,배추,519,380,454
2023-05-23,배추,398,519,535
2023-05-24,배추,393,397,397
2023-05-25,배추,447,394,340
2023-05-26,배추,338,448,379
2023-05-27,배추,209,337,316
2023-05-28,배추,242,209,277
2023-05-29,배추,276,242,352
2023-05-30,배추,358,277,426
2023-05-31,배추,257,357,311
2023-06-01,배추,290,256,416
2023-06-02,배추,368,290,321
2023-06-03,배추,391,368,326
2023-06-04,배추,358,391,305
2023-06-05,배추,326,358,392
2023-06-06,배추,312,326,478
2023-06-07,배추,335,312,243
2023-06-08,배추,295,335,471
2023-06-09,배추,288,295,494
2023-06-10,배추,214,288,443
2023-06-11,배추,271,214,356
2023-06-12,배추,328,271,349
2023-06-13,배추,388,329,342
2023-06-14,배추,314,389,393
2023-06-15,배추,249,313,460
2023-06-16,배추,235,248,310
2023-06-17,배추,307,234,467
2023-06-18,배추,338,307,406
2023-06-19,배추,368,338,396
2023-06-20,배추,366,369,387
2023-06-21,배추,278,366,493
2023-06-22,배추,282,277,461
2023-06-23,배추,504,281,429
2023-06-24,배추,245,504,550
2023-06-25,배추,332,245,274
2023-06-26,배추,418,332,464
2023-06-27,배추,280,418,654
2023-06-28,배추,508,280,488
2023-06-29,배추,477,509,475
2023-06-30,배추,327,477,200
2023-07-01,배추,263,328,273
2023-07-02,배추,391,263,348
2023-07-03,배추,519,391,434
2023-07-04,배추,431,519,520
2023-07-05,배추,388,432,387
2023-07-06,배추,230,388,411
2023-07-07,배추,493,229,405
2023-07-08,배추,353,494,423
2023-07-09,배추,359,353,259
2023-07-10,배추,365,359,410
2023-07-11,배추,402,365,562
2023-07-12,배추,451,402,326
2023-07-13,배추,254,451,465
2023-07-14,배추,254,255,276
2023-07-15,배추,133,254,435
2023-07-16,배추,384,133,380
2023-07-17,배추,636,384,412
2023-07-18,배추,428,636,445
2023-07-19,배추,245,428,424
2023-07-20,배추,390,245,403
2023-07-21,배추,491,390,465
2023-07-22,배추,329,491,237
2023-07-23,배추,352,329,243
2023-07-24,배추,375,352,364
2023-07-25,배추,417,374,483
2023-07-26,배추,415,417,409
2023-07-27,배추,296,415,436
2023-07-28,배추,243,296,345
2023-07-29,배추,239,242,443
2023-07-30,배추,306,239,407
2023-07-31,배추,374,306,436
2023-08-01,배추,296,373,464
2023-08-02,배추,272,296,449
2023-08-03,배추,420,272,469
2023-08-04,배추,368,419,415
2023-08-05,배추,437,368,500
2023-08-06,배추,507,437,568
2023-08-07,배추,576,507,636
2023-08-08,배추,565,576,704
2023-08-09,배추,353,565,575
2023-08-10,배추,400,353,279
2023-08-11,배추,396,400,523
2023-08-12,배추,544,396,449
2023-08-13,배추,535,544,457
2023-08-14,배추,526,535,577
2023-08-15,배추,478,526,698
2023-08-16,배추,525,478,580
2023-08-17,배추,491,524,454
2023-08-18,배추,389,492,619
2023-08-19,배추,349,390,503
2023-08-20,배추,452,349,430
2023-08-21,배추,554,452,570
2023-08-22,배추,552,554,709
2023-08-23,배추,537,552,539
2023-08-24,배추,472,537,669
2023-08-25,배추,297,472,722
2023-08-26,배추,366,297,664
2023-08-27,배추,550,366,660
2023-08-28,배추,733,550,674
2023-08-29,배추,450,732,689
2023-08-30,배추,488,450,955
2023-08-31,배추,400,488,589
2023-09-01,배추,488,400,621
2023-09-02,배추,551,488,1060
2023-09-03,배추,562,551,904
2023-09-04,배추,573,562,900
2023-09-05,배추,536,573,897
2023-09-06,배추,643,535,783
2023-09-07,배추,644,643,749
2023-09-08,배추,684,644,817
2023-09-09,배추,501,683,183
2023-09-10,배추,558,501,257
2023-09-11,배추,614,558,330
2023-09-12,배추,707,615,404
2023-09-13,배추,730,707,477
2023-09-14,배추,602,729,504
2023-09-15,배추,481,602,535
2023-09-16,배추,465,481,554
2023-09-17,배추,688,465,413
2023-09-18,배추,912,688,442
2023-09-19,배추,934,912,471
2023-09-20,배추,927,934,386
2023-09-21,배추,655,927,695
2023-09-22,배추,594,655,462
2023-09-23,배추,945,594,543
2023-09-24,배추,1008,945,552
2023-09-25,배추,1070,1008,546
2023-09-26,배추,940,1069,540
2023-09-27,배추,662,940,639
2023-09-28,배추,118,661,503
2023-09-29,배추,212,118,524
2023-09-30,배추,307,212,556
2023-10-01,배추,402,307,427
2023-10-02,배추,496,402,390
2023-10-03,배추,653,496,353
2023-10-04,배추,677,653,260
2023-10-05,배추,669,676,532
2023-10-06,배추,569,670,922
2023-10-07,배추,533,569,579
2023-10-08,배추,591,533,642
2023-10-09,배추,649,591,642
2023-10-10,배추,594,648,643
2023-10-11,배추,561,595,443
2023-10-12,배추,485,561,665
2023-10-13,배추,568,486,594
2023-10-14,배추,549,568,570
2023-10-15,배추,742,549,338
2023-10-16,배추,935,742,554
2023-10-17,배추,624,934,769
2023-10-18,배추,570,623,608
2023-10-19,배추,495,569,550
2023-10-20,배추,360,495,578
2023-10-21,배추,433,360,617
2023-10-22,배추,484,433,559
2023-10-23,배추,534,484,678
2023-10-24,배추,623,534,797
2023-10-25,배추,595,622,546
2023-10-26,배추,583,596,545
2023-10-27,배추,550,582,502
2023-10-28,배추,568,550,474
2023-10-29,배추,548,568,538
2023-10-30,배추,528,548,592
2023-10-31,배추,512,528,644
2023-11-01,배추,530,513,757
2023-11-02,배추,375,530,699
2023-11-03,배추,681,375,545
2023-11-04,배추,704,681,664
2023-11-05,배추,726,704,534
2023-11-06,배추,749,726,696
2023-11-07,배추,520,750,857
2023-11-08,배추,1044,521,945
2023-11-09,배추,982,1044,822
2023-11-10,배추,1054,983,854
2023-11-11,배추,983,1054,1052
2023-11-12,배추,1026,983,1040
2023-11-13,배추,1070,1026,1052
2023-11-14,배추,898,1070,1064
2023-11-15,배추,844,897,879
2023-11-16,배추,939,845,955
2023-11-17,배추,972,940,1012
2023-11-18,배추,1002,972,1075
2023-11-19,배추,1180,1002,1226
2023-11-20,배추,1358,1180,1142
2023-11-21,배추,1206,1359,1057
2023-11-22,배추,1027,1205,695
2023-11-23,배추,1316,1027,912
2023-11-24,배추,1420,1317,713
2023-11-25,배추,1171,1421,1010
2023-11-26,배추,961,1171,1111
2023-11-27,배추,751,961,1063
2023-11-28,배추,569,750,1015
2023-11-29,배추,560,568,637
2023-11-30,배추,737,560,457
2023-12-01,배추,756,737,406
2023-12-02,배추,34,757,349
2023-12-03,배추,440,34,522
2023-12-04,배추,846,440,626
2023-12-05,배추,668,846,729
2023-12-06,배추,539,668,434
2023-12-07,배추,548,539,343
2023-12-08,배추,538,548,365
2023-12-09,배추,446,538,403
2023-12-10,배추,362,446,386
2023-12-11,배추,278,362,410
2023-12-12,배추,279,278,433
2023-12-13,배추,345,280,378
2023-12-14,배추,214,345,395
2023-12-15,배추,329,215,191
2023-12-16,배추,102,329,170
2023-12-17,배추,228,102,153
2023-12-18,배추,354,228,144
2023-12-19,배추,269,354,135
2023-12-20,배추,128,269,318
2023-12-21,배추,378,128,281
2023-12-22,배추,288,379,313
2023-12-23,배추,124,288,198
2023-12-24,배추,235,124,82
2023-12-25,배추,346,235,136
2023-12-26,배추,269,345,189
2023-12-27,배추,266,270,333
2023-12-28,배추,435,266,298
2023-12-29,배추,301,435,361
2023-12-30,배추,390,300,403
2023-12-31,배추,396,390,161
2024-01-01,배추,402,396,221
2024-01-02,배추,409,402,282
2024-01-03,배추,415,409,342
2024-01-04,배추,404,414,272
2024-01-05,배추,381,404,282
2024-01-06,배추,317,381,304
2024-01-07,배추,269,317,202
2024-01-08,배추,221,269,314
2024-01-09,배추,224,221,427
2024-01-10,배추,248,224,195
2024-01-11,배추,382,248,242
2024-01-12,배추,244,383,294
2024-01-13,배추,244,244,354
2024-01-14,배추,304,244,122
2024-01-15,배추,363,304,252
2024-01-16,배추,266,363,382
2024-01-17,배추,243,266,389
2024-01-18,배추,231,243,281
2024-01-19,배추,208,231,309
2024-01-20,배추,208,208,198
2024-01-21,배추,302,208,22
2024-01-22,배추,396,302,51
2024-01-23,배추,422,396,80
2024-01-24,배추,234,422,108
2024-01-25,배추,158,235,137
2024-01-26,배추,262,158,43
2024-01-27,배추,216,263,189
2024-01-28,배추,316,216,172
2024-01-29,배추,417,316,192
2024-01-30,배추,333,417,212
2024-01-31,배추,416,332,250
2024-02-01,배추,450,416,338
2024-02-02,배추,411,449,330
2024-02-03,배추,396,410,341
2024-02-04,배추,420,396,256
2024-02-05,배추,443,420,262
2024-02-06,배추,346,443,268
2024-02-07,배추,368,346,206
2024-02-08,배추,355,368,290
2024-02-09,배추,87,355,293
2024-02-10,배추,110,87,246
2024-02-11,배추,132,110,135
2024-02-12,배추,154,132,276
2024-02-13,배추,177,154,417
2024-02-14,배추,223,176,176
2024-02-15,배추,267,224,188
2024-02-16,배추,328,267,372
2024-02-17,배추,177,329,309
2024-02-18,배추,279,177,188
2024-02-19,배추,381,279,246
2024-02-20,배추,317,381,303
2024-02-21,배추,261,317,357
2024-02-22,배추,275,261,234
2024-02-23,배추,218,274,255
2024-02-24,배추,185,218,279
2024-02-25,배추,238,185,172
2024-02-26,배추,290,238,240
2024-02-27,배추,320,290,308
2024-02-28,배추,349,320,310
2024-02-29,배추,364,349,280
2024-03-01,배추,302,362,280
2024-03-02,배추,330,302,341
2024-03-03,배추,358,330,236
2024-03-04,배추,386,358,236
2024-03-05,배추,350,385,346
2024-03-06,배추,323,350,346
2024-03-07,배추,240,322,220
2024-03-08,배추,367,241,337
2024-03-09,배추,270,366,432
2024-03-10,배추,354,270,108
2024-03-11,배추,438,354,108
2024-03-12,배추,320,437,303
2024-03-13,배추,264,321,303
2024-03-14,배추,384,264,345
2024-03-15,배추,283,384,307
2024-03-16,배추,274,283,325
2024-03-17,배추,310,274,151
2024-03-18,배추,345,310,151
2024-03-19,배추,388,344,370
2024-03-20,배추,362,388,370
2024-03-21,배추,395,361,252
2024-03-22,배추,385,395,276
2024-03-23,배추,297,385,324
2024-03-24,배추,366,297,176
2024-03-25,배추,434,366,176
2024-03-26,배추,389,433,338
2024-03-27,배추,376,389,338
2024-03-28,배추,355,377,299
2024-03-29,배추,293,355,319
2024-03-30,배추,238,292,347
2024-03-31,배추,328,238,150
2024-04-01,배추,418,328,150
2024-04-02,배추,382,418,166
2024-04-03,배추,359,382,166
2024-04-04,배추,359,359,178
2024-04-05,배추,356,360,301
2024-04-06,배추,276,357,214
2024-04-07,배추,298,276,255
2024-04-08,배추,321,298,255
2024-04-09,배추,354,321,435
2024-04-10,배추,366,354,434
2024-04-11,배추,357,366,264
2024-04-12,배추,335,357,331
2024-04-13,배추,250,334,256
2024-04-14,배추,333,250,118
2024-04-15,배추,416,333,117
2024-04-16,배추,402,416,341
2024-04-17,배추,368,402,341
2024-04-18,배추,310,368,306
2024-04-19,배추,377,310,330
2024-04-20,배추,297,377,297
2024-04-21,배추,316,297,216
2024-04-22,배추,336,316,215
2024-04-23,배추,374,336,296
2024-04-24,배추,379,374,296
2024-04-25,배추,426,379,235
2024-04-26,배추,376,426,223
2024-04-27,배추,313,376,240
2024-04-28,배추,362,313,238
2024-04-29,배추,412,362,239
2024-04-30,배추,399,412,296
2024-05-01,배추,305,398,296
2024-05-02,배추,324,305,254
2024-05-03,배추,404,323,262
2024-05-04,배추,356,403,335
2024-05-05,배추,392,356,127
2024-05-06,배추,429,392,127
2024-05-07,배추,438,429,516
2024-05-08,배추,342,438,517
2024-05-09,배추,408,342,427
2024-05-10,배추,335,408,358
2024-05-11,배추,210,335,357
2024-05-12,배추,334,210,205
2024-05-13,배추,457,334,205
2024-05-14,배추,456,457,239
2024-05-15,배추,446,456,239
2024-05-16,배추,412,446,247
2024-05-17,배추,433,411,352
2024-05-18,배추,284,433,273
2024-05-19,배추,473,284,240
2024-05-20,배추,662,473,240
2024-05-21,배추,492,662,519
2024-05-22,배추,390,491,519
2024-05-23,배추,422,390,397
2024-05-24,배추,334,422,394
2024-05-25,배추,338,334,448
2024-05-26,배추,404,338,209
2024-05-27,배추,471,404,209
2024-05-28,배추,343,473,276
2024-05-29,배추,307,343,277
2024-05-30,배추,339,307,357
2024-05-31,배추,452,339,256
2024-06-01,배추,313,451,290
2024-06-02,배추,362,313,391
2024-06-03,배추,410,362,391
2024-06-04,배추,492,410,326
2024-06-05,배추,408,492,326
2024-06-06,배추,318,410,312
2024-06-07,배추,310,319,335
2024-06-08,배추,275,310,295
2024-06-09,배추,320,275,214
2024-06-10,배추,364,320,214
2024-06-11,배추,536,363,328
2024-06-12,배추,329,536,329
2024-06-13,배추,346,329,389
2024-06-14,배추,310,345,313
2024-06-15,배추,428,310,248
2024-06-16,배추,405,428,307
2024-06-17,배추,382,405,307
2024-06-18,배추,513,381,368
2024-06-19,배추,454,514,369
2024-06-20,배추,524,454,366
2024-06-21,배추,338,524,277
2024-06-22,배추,318,337,281
2024-06-23,배추,367,318,245
2024-06-24,배추,416,367,245
2024-06-25,배추,404,415,418
2024-06-26,배추,491,404,418
2024-06-27,배추,466,491,280
2024-06-28,배추,377,465,509
2024-06-29,배추,389,378,477
2024-06-30,배추,391,389,263
2024-07-01,배추,393,391,264
2024-07-02,배추,464,393,519
2024-07-03,배추,571,464,519
2024-07-04,배추,347,571,432
2024-07-05,배추,645,347,388
2024-07-06,배추,375,645,229
2024-07-07,배추,414,375,353
2024-07-08,배추,452,414,353
2024-07-09,배추,311,452,365
2024-07-10,배추,501,311,365
2024-07-11,배추,288,502,402
2024-07-12,배추,441,288,451
2024-07-13,배추,428,441,255
2024-07-14,배추,474,428,133
2024-07-15,배추,519,474,133
2024-07-16,배추,547,519,636
2024-07-17,배추,361,546,636
2024-07-18,배추,339,361,428
2024-07-19,배추,326,339,245
2024-07-20,배추,365,326,390
2024-07-21,배추,437,365,329
2024-07-22,배추,509,437,329
2024-07-23,배추,499,510,375
2024-07-24,배추,380,500,374
2024-07-25,배추,571,380,417
2024-07-26,배추,492,571,415
2024-07-27,배추,318,492,296
2024-07-28,배추,412,318,239
2024-07-29,배추,506,412,239
2024-07-30,배추,579,506,374
2024-07-31,배추,425,579,373
2024-08-01,배추,406,425,296
2024-08-02,배추,433,407,272
2024-08-03,배추,467,433,368
2024-08-04,배추,502,467,437
2024-08-05,배추,536,502,507
2024-08-06,배추,487,536,576
2024-08-07,배추,375,487,576
2024-08-08,배추,381,375,565
2024-08-09,배추,447,382,353
2024-08-10,배추,425,447,400
2024-08-11,배추,489,425,544
2024-08-12,배추,553,489,544
2024-08-13,배추,483,553,526
2024-08-14,배추,370,483,526
2024-08-15,배추,435,370,478
2024-08-16,배추,367,437,524
2024-08-17,배추,359,367,492
2024-08-18,배추,465,359,349
2024-08-19,배추,571,465,349
2024-08-20,배추,465,570,554
2024-08-21,배추,462,464,554
2024-08-22,배추,412,462,552
2024-08-23,배추,511,411,537
2024-08-24,배추,462,511,472
2024-08-25,배추,622,462,366
2024-08-26,배추,782,622,366
2024-08-27,배추,664,782,733
2024-08-28,배추,508,663,732
2024-08-29,배추,572,508,450
2024-08-30,배추,448,572,488
2024-08-31,배추,438,449,400
2024-09-01,배추,540,438,551
2024-09-02,배추,641,540,552
2024-09-03,배추,714,640,573
2024-09-04,배추,636,713,573
2024-09-05,배추,679,636,535
2024-09-06,배추,759,678,643
2024-09-07,배추,644,758,644
2024-09-08,배추,794,644,501
2024-09-09,배추,943,794,500
2024-09-10,배추,1042,944,614
2024-09-11,배추,847,1041,615
2024-09-12,배추,783,847,707
2024-09-13,배추,488,783,729
2024-09-14,배추,422,489,602
2024-09-15,배추,292,422,465
2024-09-16,배추,163,292,465
2024-09-17,배추,319,163,912
2024-09-18,배추,475,319,934
2024-09-19,배추,631,475,927
2024-09-20,배추,787,631,927
2024-09-21,배추,448,786,655
2024-09-22,배추,456,448,945
2024-09-23,배추,464,456,945
2024-09-24,배추,531,464,1070
2024-09-25,배추,537,531,1069
2024-09-26,배추,653,537,940
2024-09-27,배추,625,653,661
2024-09-28,배추,474,624,118
2024-09-29,배추,470,474,307
2024-09-30,배추,467,470,402
2024-10-01,배추,376,467,496
2024-10-02,배추,354,377,496
2024-10-03,배추,400,354,653
2024-10-04,배추,470,400,676
2024-10-05,배추,370,470,670
2024-10-06,배추,524,370,533
2024-10-07,배추,678,524,533
2024-10-08,배추,515,679,649
2024-10-09,배추,555,515,648
2024-10-10,배추,623,555,595
2024-10-11,배추,502,623,561
2024-10-12,배추,416,503,486
2024-10-13,배추,440,416,549
2024-10-14,배추,464,440,550
2024-10-15,배추,543,462,935
2024-10-16,배추,468,542,934
2024-10-17,배추,619,469,623
2024-10-18,배추,654,619,569
2024-10-19,배추,461,652,495
2024-10-20,배추,477,461,433
2024-10-21,배추,493,477,433
2024-10-22,배추,568,493,534
2024-10-23,배추,395,567,534
2024-10-24,배추,516,395,622
2024-10-25,배추,693,517,596
2024-10-26,배추,563,693,582
2024-10-27,배추,618,563,568
2024-10-28,배추,673,618,568
2024-10-29,배추,543,673,528
2024-10-30,배추,656,543,528
2024-10-31,배추,599,656,513
2024-11-01,배추,581,600,530
2024-11-02,배추,485,581,375
2024-11-03,배추,574,485,704
2024-11-04,배추,662,574,726
2024-11-05,배추,686,662,749
2024-11-06,배추,636,686,750
2024-11-07,배추,644,635,521
2024-11-08,배추,699,645,1044
2024-11-09,배추,799,700,983
2024-11-10,배추,783,799,983
2024-11-11,배추,767,783,982
2024-11-12,배추,856,767,1070
2024-11-13,배추,729,856,1070
2024-11-14,배추,779,730,897
2024-11-15,배추,940,778,845
2024-11-16,배추,1058,941,940
2024-11-17,배추,1066,1058,1002
2024-11-18,배추,1073,1066,1003
2024-11-19,배추,853,1074,1358
2024-11-20,배추,919,854,1359
2024-11-21,배추,903,920,1205
2024-11-22,배추,1079,904,1027
2024-11-23,배추,1156,1079,1317
2024-11-24,배추,1013,1156,1171
2024-11-25,배추,870,1013,1170
2024-11-26,배추,865,871,751
2024-11-27,배추,751,865,750
2024-11-28,배추,632,751,568
2024-11-29,배추,1129,631,560
2024-11-30,배추,903,1128,737
2024-12-01,배추,934,903,34
2024-12-02,배추,966,934,34
2024-12-03,배추,688,965,846
2024-12-04,배추,590,689,846
2024-12-05,배추,646,589,668
2024-12-06,배추,804,645,539
2024-12-07,배추,535,804,548
2024-12-08,배추,546,535,446
2024-12-09,배추,557,546,447
2024-12-10,배추,354,557,278
2024-12-11,배추,343,352,278
2024-12-12,배추,454,343,280
2024-12-13,배추,508,455,345
2024-12-14,배추,448,510,215
2024-12-15,배추,398,448,102
2024-12-16,배추,348,398,102
2024-12-17,배추,471,347,354
2024-12-18,배추,207,472,354
2024-12-19,배추,393,207,269
2024-12-20,배추,269,394,128
2024-12-21,배추,260,269,379
2024-12-22,배추,322,260,124
2024-12-23,배추,384,322,124
2024-12-24,배추,375,385,346
2024-12-25,배추,351,374,345
2024-12-26,배추,238,350,270
2024-12-27,배추,289,238,266
2024-12-28,배추,246,287,435
2024-12-29,배추,268,246,390
2024-12-30,배추,291,268,391
2024-12-31,배추,155,291,402
2025-01-01,배추,213,155,409
2025-01-02,배추,270,213,415
2025-01-03,배추,328,270,414
2025-01-04,배추,331,329,404
2025-01-05,배추,406,331,317
2025-01-06,배추,481,406,316
2025-01-07,배추,432,480,221
2025-01-08,배추,387,431,221
2025-01-09,배추,460,387,224
2025-01-10,배추,333,460,248
2025-01-11,배추,194,334,383
2025-01-12,배추,291,194,244
2025-01-13,배추,388,291,243
2025-01-14,배추,314,388,363
2025-01-15,배추,408,314,363
2025-01-16,배추,353,408,266
2025-01-17,배추,479,352,243
2025-01-18,배추,276,478,231
2025-01-19,배추,418,276,208
2025-01-20,배추,560,418,208
2025-01-21,배추,545,560,396
2025-01-22,배추,498,544,396
2025-01-23,배추,491,498,422
2025-01-24,배추,443,491,235
2025-01-25,배추,352,443,158
2025-01-26,배추,298,352,216
2025-01-27,배추,244,298,217
2025-01-28,배추,78,242,417
2025-01-29,배추,108,78,333
2025-01-30,배추,137,108,416
2025-01-31,배추,166,137,450
2025-02-01,배추,196,166,449
2025-02-02,배추,241,196,396
2025-02-03,배추,286,241,396
2025-02-04,배추,336,287,443
2025-02-05,배추,393,336,443
2025-02-06,배추,298,394,346
2025-02-07,배추,243,297,368
2025-02-08,배추,208,243,355
2025-02-09,배추,309,208,110
2025-02-10,배추,410,309,132
2025-02-11,배추,435,411,154
2025-02-12,배추,420,435,177
2025-02-13,배추,405,420,176
2025-02-14,배추,420,404,224
2025-02-15,배추,400,420,267
2025-02-16,배추,418,400,177
2025-02-17,배추,437,418,176
2025-02-18,배추,450,437,381
2025-02-19,배추,392,451,381
2025-02-20,배추,324,391,317
2025-02-21,배추,318,323,261
2025-02-22,배추,243,317,274
2025-02-23,배추,272,243,185
2025-02-24,배추,302,272,185
2025-02-25,배추,363,302,290
2025-02-26,배추,336,362,290
2025-02-27,배추,351,336,320
2025-02-28,배추,326,702,711
2025-03-01,배추,241,325,301
2025-03-02,배추,315,241,330
2025-03-03,배추,389,315,358
2025-03-04,배추,459,389,385
2025-03-05,배추,557,459,350
2025-03-06,배추,655,557,322
2025-03-07,배추,661,655,241
2025-03-08,배추,466,661,366
2025-03-09,배추,508,466,270
2025-03-10,배추,549,508,354
2025-03-11,배추,536,549,437
2025-03-12,배추,516,536,321
2025-03-13,배추,450,515,264
2025-03-14,배추,495,450,384
2025-03-15,배추,284,495,283
2025-03-16,배추,391,284,274
2025-03-17,배추,498,391,310
2025-03-18,배추,387,498,344
2025-03-19,배추,508,388,388
2025-03-20,배추,637,508,361
2025-03-21,배추,535,637,395
2025-03-22,배추,430,535,385
2025-03-23,배추,480,430,297
2025-03-24,배추,531,480,366
2025-03-25,배추,523,532,433
2025-03-26,배추,447,523,389
2025-03-27,배추,493,448,377
2025-03-28,배추,414,494,355
2025-03-29,배추,289,413,292
2025-03-30,배추,334,289,238
2025-03-31,배추,379,334,328
2025-04-01,배추,393,379,418
2025-04-02,배추,365,393,382
2025-04-03,배추,486,364,359
2025-04-04,배추,484,487,360
2025-04-05,배추,383,485,357
2025-04-06,배추,504,383,276
2025-04-07,배추,624,504,298
2025-04-08,배추,508,625,321
2025-04-09,배추,455,508,354
2025-04-10,배추,518,455,366
2025-04-11,배추,507,519,357
2025-04-12,배추,327,507,334
2025-04-13,배추,378,327,250
2025-04-14,배추,428,378,333
2025-04-15,배추,450,427,416
2025-04-16,배추,423,450,402
2025-04-17,배추,396,423,368
2025-04-18,배추,354,396,310
2025-04-19,배추,302,353,377
2025-04-20,배추,394,302,297
2025-04-21,배추,486,394,316
2025-04-22,배추,496,486,336
2025-04-23,배추,394,497,374
2025-04-24,배추,442,395,379
2025-04-25,배추,440,443,426
2025-04-26,배추,265,440,376
2025-04-27,배추,342,265,313
2025-04-28,배추,420,342,362
2025-04-29,배추,466,420,412
2025-04-30,배추,460,465,398
2025-05-01,배추,411,460,305
2025-05-02,배추,467,411,323
2025-05-03,배추,312,466,403
2025-05-04,배추,442,312,356
2025-05-05,배추,571,442,392
2025-05-06,배추,496,571,429
2025-05-07,배추,473,496,438
2025-05-08,배추,405,473,342
2025-05-09,배추,392,405,408
2025-05-10,배추,323,393,335
2025-05-11,배추,398,323,210
2025-05-12,배추,472,398,334
2025-05-13,배추,395,471,457
2025-05-14,배추,498,395,456
2025-05-15,배추,572,498,446
2025-05-16,배추,473,572,411
2025-05-17,배추,315,473,433
2025-05-18,배추,386,315,284
2025-05-19,배추,458,386,473
2025-05-20,배추,374,457,662
2025-05-21,배추,421,373,491
2025-05-22,배추,495,421,390
2025-05-23,배추,388,495,422
2025-05-24,배추,270,388,334
2025-05-25,배추,313,270,338
2025-05-26,배추,356,313,404
2025-05-27,배추,427,357,473
2025-05-28,배추,359,427,343
2025-05-29,배추,347,359,307
2025-05-30,배추,324,346,339
2025-05-31,배추,305,324,451
2025-06-01,배추,343,305,313
2025-06-02,배추,381,343,362
2025-06-03,배추,404,381,410
2025-06-04,배추,314,404,492
2025-06-05,배추,405,314,410
2025-06-06,배추,382,405,319
2025-06-07,배추,331,381,310
2025-06-08,배추,342,331,275
2025-06-09,배추,353,342,320
2025-06-10,배추,387,352,363
2025-06-11,배추,317,387,536
2025-06-12,배추,280,317,329
2025-06-13,배추,297,279,345
2025-06-14,배추,281,296,310
2025-06-15,배추,518,281,428
2025-06-16,배추,754,518,405
2025-06-17,배추,327,755,381
2025-06-18,배추,533,328,514
2025-06-19,배추,400,533,454
2025-06-20,배추,334,399,524
2025-06-21,배추,292,334,337
2025-06-22,배추,422,292,318
2025-06-23,배추,551,422,367
2025-06-24,배추,507,551,415
2025-06-25,배추,542,508,404
2025-06-26,배추,269,541,491
2025-06-27,배추,505,269,465
2025-06-28,배추,378,506,378
2025-06-29,배추,394,378,389
2025-06-30,배추,409,394,391
2025-07-01,배추,545,409,393
2025-07-02,배추,335,545,464
2025-07-03,배추,541,334,571
2025-07-04,배추,373,541,347
2025-07-05,배추,219,372,645
2025-07-06,배추,333,219,375
2025-07-07,배추,447,333,414
2025-07-08,배추,562,447,452
2025-07-09,배추,324,562,311
2025-07-10,배추,328,322,502
2025-07-11,배추,292,327,288
2025-07-12,배추,337,293,441
2025-07-13,배추,448,337,428
2025-07-14,배추,558,448,474
2025-07-15,배추,405,557,519
2025-07-16,배추,448,405,546
2025-07-17,배추,461,448,361
2025-07-18,배추,394,461,339
2025-07-19,배추,387,395,326
2025-07-20,배추,462,387,365
2025-07-21,배추,537,462,437
2025-07-22,배추,695,538,510
2025-07-23,배추,564,696,500
2025-07-24,배추,585,564,380
2025-07-25,배추,454,584,571
2025-07-26,배추,396,454,492
2025-07-27,배추,420,396,318
2025-07-28,배추,443,420,412
2025-07-29,배추,421,442,506
2025-07-30,배추,352,421,579
2025-07-31,배추,604,353,425
2025-08-01,배추,451,602,407
2025-08-02,배추,459,451,433
2025-08-03,배추,468,459,467
2025-08-04,배추,476,468,502
2025-08-05,배추,375,477,536
2025-08-06,배추,470,374,487
2025-08-07,배추,459,469,375
2025-08-08,배추,482,459,382
2025-08-09,배추,405,483,447
2025-08-10,배추,486,405,425
2025-08-11,배추,568,486,489
2025-08-12,배추,627,568,553
2025-08-13,배추,502,627,483
2025-08-14,배추,377,502,370
2025-08-15,배추,398,377,437
2025-08-16,배추,352,398,367
2025-08-17,배추,470,352,359
2025-08-18,배추,588,470,465
2025-08-19,배추,543,589,570
2025-08-20,배추,443,543,464
2025-08-21,배추,475,443,462
2025-08-22,배추,417,475,411
2025-08-23,배추,428,416,511
2025-08-24,배추,458,428,462
2025-08-25,배추,488,458,622
2025-08-26,배추,505,488,782
2025-08-27,배추,392,505,663
2025-08-28,배추,333,392,508
2025-08-29,배추,509,333,572
2025-08-30,배추,478,509,449
2025-08-31,배추,486,478,438
2025-09-01,배추,493,486,540
2025-09-02,배추,500,492,640
2025-09-03,배추,351,502,713
2025-09-04,배추,491,351,636
2025-09-05,배추,625,490,678
2025-09-06,배추,506,625,758
2025-09-07,배추,522,506,644
2025-09-08,배추,537,522,794
2025-09-09,배추,788,536,944
2025-09-10,배추,796,788,1041
2025-09-11,배추,621,797,847
2025-09-12,배추,706,622,783
2025-09-13,배추,407,706,489
2025-09-14,배추,515,407,422
2025-09-15,배추,623,515,292
2025-09-16,배추,826,623,164
2025-09-17,배추,643,825,319
2025-09-18,배추,401,643,475
2025-09-19,배추,531,400,631
2025-09-20,배추,733,531,786
2025-09-21,배추,700,733,448
2025-09-22,배추,667,700,456
2025-09-23,배추,561,666,464
2025-09-24,배추,768,560,531
2025-09-25,배추,743,768,537
2025-09-26,배추,731,744,653
2025-09-27,배추,1060,730,624
2025-09-28,배추,912,1060,474
2025-09-29,배추,763,912,470
2025-09-30,배추,746,763,467
2025-10-01,배추,814,747,377
2025-10-02,배추,1040,815,354
2025-10-03,배추,901,1040,400
2025-10-04,배추,298,901,470
2025-10-05,배추,473,298,370
2025-10-06,배추,648,473,524
2025-10-07,배추,822,648,678
2025-10-08,배추,997,822,515
2025-10-09,배추,1172,997,555
2025-10-10,배추,1085,1172,623
2025-10-11,배추,697,1084,503
2025-10-12,배추,626,697,416
2025-10-13,배추,554,626,440
2025-10-14,배추,500,554,462
2025-10-15,배추,541,499,542
2025-10-16,배추,833,541,469
2025-10-17,배추,721,835,619
2025-10-18,배추,899,721,652
2025-10-19,배추,840,899,461
2025-10-20,배추,781,840,477
2025-10-21,배추,709,782,493
2025-10-22,배추,717,709,567
2025-10-23,배추,704,716,395
2025-10-24,배추,672,705,517
2025-10-25,배추,448,671,693
2025-10-26,배추,512,448,563
2025-10-27,배추,575,512,618
2025-10-28,배추,643,575,673
2025-10-29,배추,594,643,543
2025-10-30,배추,473,594,656
2025-10-31,배추,527,473,600
2025-11-01,배추,668,527,581
2025-11-02,배추,808,668,485
2025-11-03,배추,949,808,574
2025-11-04,배추,737,949,662
2025-11-05,배추,630,737,686
2025-11-06,배추,759,632,635
2025-11-07,배추,659,759,645
2025-11-08,배추,696,658,700
2025-11-09,배추,787,696,799
2025-11-10,배추,878,787,783
2025-11-11,배추,1105,879,767
2025-11-12,배추,969,1105,856
2025-11-13,배추,918,970,730
2025-11-14,배추,1112,918,778
2025-11-15,배추,1143,1112,941
2025-11-16,배추,1068,1143,1058
2025-11-17,배추,992,1068,1066
2025-11-18,배추,1152,992,1074
2025-11-19,배추,942,1153,854
2025-11-20,배추,960,942,920
2025-11-21,배추,1019,960,904
2025-11-22,배추,1165,1019,1079
2025-11-23,배추,1152,1165,1156
2025-11-24,배추,1139,1152,1013
2025-11-25,배추,1072,1139,871
2025-11-26,배추,984,1072,865
2025-11-27,배추,1038,983,751
2025-11-28,배추,1133,1038,631
2025-11-29,배추,962,1133,1128
2025-11-30,배추,986,962,903
2025-12-01,배추,1011,986,934
2025-12-02,배추,828,1010,965
2025-12-03,배추,783,828,689
2025-12-04,배추,656,783,589
2025-12-05,배추,711,657,645
2025-12-06,배추,909,712,804
2025-12-07,배추,853,909,535
2025-12-08,배추,797,853,546
2025-12-09,배추,589,796,557
2025-12-10,배추,438,590,352
2025-12-11,배추,623,438,343
2025-12-12,배추,654,623,455
2025-12-13,배추,6,654,510
2025-12-14,배추,242,6,448
2025-12-15,배추,477,242,398
2025-12-16,배추,468,476,347
2025-12-17,배추,441,469,472
2025-12-18,배추,329,441,207
2025-12-19,배추,362,328,394
2025-12-20,배추,369,362,269
2025-12-21,배추,391,369,260
2025-12-22,배추,413,391,322
2025-12-23,배추,394,413,385
2025-12-24,배추,420,393,374
2025-12-25,배추,279,420,350
2025-12-26,배추,312,279,238
2025-12-27,배추,151,313,287
2025-12-28,배추,178,151,246
2025-12-29,배추,204,178,268
2025-12-30,배추,452,204,291
2025-12-31,배추,330,452,155